{"stats":{"minecraft:mined":{"minecraft:jungle_leaves":1,"minecraft:grass":1,"minecraft:grass_block":1,"minecraft:oak_log":21,"minecraft:melon":11,"minecraft:vine":1,"minecraft:dirt":1,"minecraft:stone":2,"minecraft:oak_leaves":8,"minecraft:fern":1},"minecraft:crafted":{"minecraft:oak_planks":24,"minecraft:crafting_table":2,"minecraft:stick":4,"minecraft:wooden_pickaxe":1,"minecraft:wooden_axe":1},"minecraft:killed_by":{"man:managgresive":1},"minecraft:dropped":{"hexerei:sage_seed":2,"minecraft:wheat_seeds":2,"minecraft:wooden_axe":1,"minecraft:melon_slice":6,"soul_like_armors_reworked:dagger":1,"minecraft:rotten_flesh":2},"minecraft:picked_up":{"minecraft:oak_log":21,"minecraft:dirt":16,"hexerei:sage_seed":2,"minecraft:rotten_flesh":2,"butchersdelight:dead_cow":4,"minecraft:wheat_seeds":2,"soul_like_armors_reworked:dagger":1,"minecraft:bamboo":1,"minecraft:melon_slice":55},"minecraft:killed":{"minecraft:zombie":1},"minecraft:used":{"minecraft:oak_log":6,"minecraft:wooden_axe":20,"soul_like_armors_reworked:dagger":26,"minecraft:melon_slice":19,"minecraft:wooden_pickaxe":2,"minecraft:bamboo":1,"minecraft:dirt":4,"minecraft:crafting_table":2},"minecraft:custom":{"minecraft:time_since_rest":11699,"minecraft:sprint_one_cm":133509,"minecraft:damage_taken":530,"minecraft:walk_one_cm":150163,"minecraft:mob_kills":1,"minecraft:drop":14,"minecraft:damage_dealt":878,"minecraft:damage_dealt_absorbed":25,"minecraft:swim_one_cm":27417,"minecraft:interact_with_crafting_table":4,"minecraft:fly_one_cm":67992,"minecraft:crouch_one_cm":797,"minecraft:play_time":26655,"tombstone:undead_killed":1,"minecraft:deaths":1,"minecraft:sneak_time":822,"minecraft:walk_under_water_one_cm":609,"minecraft:jump":298,"minecraft:leave_game":3,"minecraft:time_since_death":12016,"minecraft:walk_on_water_one_cm":8269,"minecraft:climb_one_cm":6920,"minecraft:total_world_time":26655,"minecraft:fall_one_cm":6655}},"DataVersion":3120}