{"stats":{"minecraft:mined":{"minecraft:smoker":3,"minecraft:jungle_leaves":1,"minecraft:crafting_table":4,"minecraft:torch":1,"minecraft:granite":1,"minecraft:grass_block":1,"minecraft:melon":11,"minecraft:cobblestone":5,"minecraft:oak_planks":1,"minecraft:wall_torch":2,"minecraft:furnace":3,"minecraft:iron_ore":26,"minecraft:andesite":1,"minecraft:grass":3,"butchersdelight:hook":3,"minecraft:coal_ore":30,"minecraft:oak_log":21,"minecraft:vine":1,"minecraft:gravel":6,"minecraft:dirt":1,"minecraft:stone":56,"minecraft:oak_leaves":8,"minecraft:fern":1},"minecraft:crafted":{"minecraft:cooked_beef":2,"epicfight:stone_spear":1,"minecraft:oak_planks":44,"butchersdelight:hook":3,"minecraft:iron_nugget":18,"minecraft:crafting_table":2,"minecraft:baked_potato":7,"farmersdelight:flint_knife":1,"minecraft:wooden_pickaxe":1,"minecraft:iron_sword":1,"minecraft:furnace":3,"epicfight:iron_longsword":1,"minecraft:stone_axe":1,"butchersdelightfoods:cooked_leg_cow":2,"butchersdelightfoods:cookedbeefribs":4,"butchersdelightfoods:coockedbeeftenderloin":4,"minecraft:air":0,"minecraft:shield":1,"minecraft:stick":24,"minecraft:iron_ingot":9,"minecraft:stone_pickaxe":1,"minecraft:wooden_axe":1,"minecraft:stone_sword":1,"minecraft:torch":32,"minecraft:smoker":1},"minecraft:killed_by":{"man:managgresive":1},"minecraft:dropped":{"minecraft:gravel":2,"minecraft:iron_ingot":7,"butchersdelight:dead_cow":4,"hexerei:sage_seed":3,"minecraft:wheat_seeds":2,"minecraft:raw_copper":4,"butchersdelightfoods:coockedbeeftenderloin":2,"minecraft:cobblestone":3,"minecraft:rotten_flesh":10,"minecraft:oak_planks":1,"minecraft:granite":1,"epicfight:stone_spear":3,"minecraft:stick":4,"minecraft:poppy":1,"mca:book_romance":2,"minecraft:gunpowder":2,"butchersdelightfoods:cookedbeefribs":2,"minecraft:wooden_axe":1,"minecraft:melon_slice":16,"soul_like_armors_reworked:dagger":1,"minecraft:sand":3,"minecraft:wooden_pickaxe":1,"minecraft:bone":1},"minecraft:used":{"minecraft:stone_pickaxe":72,"minecraft:oak_planks":1,"minecraft:shield":3,"minecraft:wooden_pickaxe":21,"butchersdelight:hook":3,"epicfight:iron_longsword":16,"butchersdelightfoods:cookedbeefribs":1,"butchersdelight:skullcow":3,"minecraft:torch":21,"minecraft:dirt":16,"minecraft:crafting_table":5,"minecraft:smoker":3,"epicfight:stone_spear":13,"minecraft:oak_log":6,"minecraft:wooden_axe":20,"soul_like_armors_reworked:dagger":26,"minecraft:melon_slice":39,"minecraft:iron_pickaxe":35,"minecraft:gravel":2,"minecraft:bamboo":1,"minecraft:stone_axe":5,"minecraft:cobblestone":9,"minecraft:furnace":2,"minecraft:cooked_beef":2},"minecraft:killed":{"alexsmobs:guster":1,"minecraft:creeper":2,"minecraft:skeleton":1,"minecraft:zombie":2},"minecraft:picked_up":{"epicfight:stone_spear":2,"minecraft:crafting_table":4,"butchersdelightfoods:beeftenderloin":4,"butchersdelightfoods:legcow":4,"minecraft:smoker":3,"minecraft:flint":1,"minecraft:oak_log":21,"minecraft:gunpowder":2,"mca:book_romance":1,"minecraft:dirt":16,"minecraft:raw_copper":4,"butchersdelight:dead_cow":9,"minecraft:wheat_seeds":2,"minecraft:iron_ingot":7,"minecraft:beef":4,"soul_like_armors_reworked:dagger":1,"minecraft:poppy":1,"minecraft:bamboo":1,"minecraft:melon_slice":55,"minecraft:oak_planks":2,"minecraft:furnace":2,"minecraft:stick":1,"minecraft:raw_iron":27,"minecraft:torch":3,"butchersdelight:cow_hide":2,"butchersdelight:skullcow":3,"minecraft:gravel":4,"minecraft:sand":3,"butchersdelightfoods:beefribs":4,"hexerei:sage_seed":3,"soul_like_armors_reworked:estusflask":2,"minecraft:rotten_flesh":10,"minecraft:granite":1,"butchersdelight:hook":3,"minecraft:coal":29,"minecraft:cobblestone":61},"minecraft:custom":{"minecraft:interact_with_furnace":25,"minecraft:mob_kills":6,"minecraft:interact_with_crafting_table":19,"minecraft:leave_game":4,"minecraft:time_since_death":47843,"minecraft:climb_one_cm":6920,"minecraft:time_since_rest":47526,"minecraft:sprint_one_cm":346864,"minecraft:damage_taken":839,"minecraft:walk_one_cm":445804,"minecraft:damage_blocked_by_shield":170,"minecraft:drop":64,"minecraft:damage_dealt":2231,"minecraft:damage_dealt_absorbed":25,"minecraft:swim_one_cm":33738,"minecraft:fly_one_cm":178118,"minecraft:open_chest":8,"minecraft:crouch_one_cm":1591,"minecraft:play_time":62482,"tombstone:undead_killed":3,"minecraft:deaths":1,"minecraft:sneak_time":1120,"minecraft:walk_under_water_one_cm":2722,"minecraft:jump":698,"minecraft:walk_on_water_one_cm":15976,"minecraft:interact_with_smoker":15,"minecraft:total_world_time":62482,"minecraft:fall_one_cm":11359}},"DataVersion":3120}