{"stats":{"minecraft:mined":{"minecraft:smoker":3,"minecraft:jungle_leaves":1,"minecraft:crafting_table":5,"minecraft:torch":8,"minecraft:granite":1,"minecraft:grass_block":1,"minecraft:melon":11,"minecraft:cobblestone":9,"minecraft:lapis_ore":1,"minecraft:sandstone":5,"minecraft:oak_planks":1,"minecraft:wall_torch":12,"minecraft:spawner":1,"minecraft:furnace":3,"minecraft:iron_ore":70,"minecraft:andesite":5,"minecraft:deepslate_iron_ore":4,"minecraft:grass":3,"butchersdelight:hook":3,"minecraft:coal_ore":93,"minecraft:oak_log":21,"minecraft:vine":1,"minecraft:gravel":6,"minecraft:dirt":1,"minecraft:stone":69,"minecraft:oak_leaves":8,"minecraft:fern":1},"minecraft:crafted":{"minecraft:cooked_beef":2,"minecraft:coal_block":11,"epicfight:stone_spear":1,"minecraft:oak_planks":44,"butchersdelight:hook":3,"minecraft:iron_nugget":18,"minecraft:crafting_table":2,"minecraft:baked_potato":7,"farmersdelight:flint_knife":1,"minecraft:wooden_pickaxe":1,"minecraft:iron_sword":1,"minecraft:furnace":3,"epicfight:iron_longsword":1,"minecraft:stone_axe":1,"butchersdelightfoods:cooked_leg_cow":2,"butchersdelightfoods:cookedbeefribs":4,"butchersdelightfoods:coockedbeeftenderloin":4,"minecraft:air":0,"minecraft:shield":1,"minecraft:stick":32,"minecraft:iron_ingot":9,"minecraft:stone_pickaxe":1,"minecraft:wooden_axe":1,"minecraft:stone_sword":1,"minecraft:torch":64,"minecraft:smoker":1},"minecraft:killed_by":{"man:managgresive":1},"minecraft:dropped":{"minecraft:enchanted_book":1,"minecraft:gravel":5,"minecraft:iron_ingot":7,"butchersdelight:dead_cow":4,"hexerei:sage_seed":3,"minecraft:wheat_seeds":2,"minecraft:lapis_lazuli":9,"minecraft:raw_copper":4,"tombstone:gift":1,"butchersdelightfoods:coockedbeeftenderloin":2,"minecraft:cobblestone":3,"minecraft:rotten_flesh":12,"minecraft:oak_planks":1,"minecraft:granite":1,"epicfight:stone_spear":3,"soul_like_armors_reworked:dark_knight_boots":1,"minecraft:stick":4,"minecraft:poppy":1,"mca:book_romance":2,"minecraft:gunpowder":2,"butchersdelightfoods:cookedbeefribs":2,"minecraft:wooden_axe":1,"tombstone:grave_dust":2,"minecraft:melon_slice":16,"soul_like_armors_reworked:dagger":1,"minecraft:sand":3,"minecraft:wooden_pickaxe":1,"minecraft:bone":7},"minecraft:killed":{"alexsmobs:guster":1,"minecraft:creeper":6,"minecraft:skeleton":4,"minecraft:zombie":8,"alexsmobs:centipede_head":1},"minecraft:used":{"epicfight:skillbook":1,"butchersdelightfoods:coockedbeeftenderloin":2,"minecraft:baked_potato":4,"minecraft:stone_pickaxe":72,"minecraft:oak_planks":1,"minecraft:shield":11,"minecraft:wooden_pickaxe":21,"minecraft:sandstone":10,"butchersdelight:hook":3,"epicfight:iron_longsword":71,"butchersdelightfoods:cookedbeefribs":2,"butchersdelight:skullcow":3,"minecraft:torch":70,"minecraft:dirt":16,"minecraft:crafting_table":6,"minecraft:smoker":3,"epicfight:stone_spear":13,"minecraft:oak_log":6,"minecraft:wooden_axe":20,"soul_like_armors_reworked:dagger":26,"minecraft:melon_slice":39,"minecraft:iron_pickaxe":177,"soul_like_armors_reworked:dark_knight_helmet":1,"minecraft:gravel":2,"minecraft:bamboo":1,"minecraft:stone_axe":6,"minecraft:cobblestone":24,"minecraft:furnace":2,"minecraft:andesite":4,"soul_like_armors_reworked:dark_knight_boots":1,"minecraft:cooked_beef":2},"minecraft:picked_up":{"epicfight:stone_spear":2,"minecraft:crafting_table":5,"butchersdelightfoods:beeftenderloin":4,"butchersdelightfoods:legcow":4,"minecraft:andesite":4,"minecraft:smoker":3,"minecraft:enchanted_book":1,"minecraft:flint":1,"minecraft:oak_log":21,"minecraft:gunpowder":3,"minecraft:lapis_lazuli":9,"mca:book_romance":1,"minecraft:dirt":24,"minecraft:raw_copper":4,"minecraft:bone":4,"butchersdelight:dead_cow":9,"minecraft:wheat_seeds":2,"minecraft:iron_ingot":7,"minecraft:beef":4,"soul_like_armors_reworked:dark_knight_helmet":1,"soul_like_armors_reworked:dagger":1,"minecraft:poppy":1,"minecraft:bamboo":1,"minecraft:melon_slice":55,"minecraft:oak_planks":2,"minecraft:furnace":2,"minecraft:stick":1,"minecraft:raw_iron":90,"minecraft:sandstone":10,"minecraft:torch":18,"epicfight:skillbook":1,"butchersdelight:cow_hide":2,"butchersdelight:skullcow":3,"minecraft:gravel":7,"minecraft:sand":3,"tombstone:grave_dust":2,"butchersdelightfoods:beefribs":4,"minecraft:arrow":1,"hexerei:sage_seed":3,"soul_like_armors_reworked:estusflask":2,"soul_like_armors_reworked:dark_knight_boots":2,"minecraft:rotten_flesh":12,"minecraft:granite":1,"butchersdelight:hook":3,"minecraft:coal":130,"minecraft:cobblestone":78},"minecraft:custom":{"minecraft:interact_with_furnace":25,"minecraft:mob_kills":20,"minecraft:interact_with_crafting_table":20,"minecraft:leave_game":4,"minecraft:time_since_death":71843,"minecraft:climb_one_cm":6920,"minecraft:time_since_rest":71526,"minecraft:sprint_one_cm":484529,"minecraft:damage_taken":1303,"minecraft:walk_one_cm":653711,"minecraft:damage_blocked_by_shield":585,"minecraft:drop":76,"minecraft:damage_dealt":5092,"minecraft:damage_dealt_absorbed":25,"minecraft:swim_one_cm":33738,"minecraft:fly_one_cm":234081,"minecraft:open_chest":15,"minecraft:crouch_one_cm":3201,"minecraft:play_time":86482,"tombstone:undead_killed":12,"minecraft:deaths":1,"minecraft:sneak_time":1857,"minecraft:walk_under_water_one_cm":2722,"minecraft:jump":1041,"minecraft:walk_on_water_one_cm":16746,"minecraft:interact_with_smoker":15,"minecraft:total_world_time":86482,"minecraft:fall_one_cm":17010}},"DataVersion":3120}