{"stats":{"minecraft:killed_by":{"minecraft:player":1},"minecraft:used":{"minecraft:shield":11,"butchersdelight:hook":5,"soul_like_armors_reworked:estusflask":1,"butchersdelightfoods:cooked_leg_cow":2,"butchersdelightfoods:cookedbeefribs":2,"minecraft:torch":84,"minecraft:dirt":16,"minecraft:wooden_axe":20,"soul_like_armors_reworked:dagger":26,"minecraft:iron_axe":1,"minecraft:smooth_sandstone":7,"minecraft:iron_boots":1,"minecraft:bamboo":1,"minecraft:furnace":4,"soul_like_armors_reworked:dark_knight_boots":1,"minecraft:cooked_beef":2,"minecraft:cooked_mutton":2,"epicfight:skillbook":2,"butchersdelightfoods:coockedbeeftenderloin":2,"minecraft:baked_potato":7,"minecraft:stone_pickaxe":246,"minecraft:oak_planks":3,"minecraft:wooden_pickaxe":21,"minecraft:sandstone":20,"epicfight:iron_longsword":93,"butchersdelight:skullcow":3,"minecraft:sand":3,"minecraft:crafting_table":9,"epicfight:stone_spear":13,"minecraft:smoker":5,"minecraft:oak_log":6,"minecraft:bread":1,"minecraft:melon_slice":39,"minecraft:iron_pickaxe":272,"soul_like_armors_reworked:dark_knight_helmet":1,"minecraft:gravel":5,"minecraft:stone_axe":18,"minecraft:cobblestone":160,"minecraft:andesite":4,"butchersdelight:rack":3},"minecraft:crafted":{"minecraft:oak_planks":44,"minecraft:iron_nugget":18,"minecraft:furnace":3,"butchersdelightfoods:cookedsheepshank":2,"butchersdelightfoods:cooked_leg_cow":3,"butchersdelightfoods:cookedbeefribs":5,"minecraft:cooked_mutton":2,"butchersdelight:rack":2,"minecraft:iron_axe":1,"minecraft:stone_pickaxe":2,"minecraft:smoker":1,"minecraft:cooked_beef":3,"minecraft:coal_block":15,"epicfight:stone_spear":1,"butchersdelight:hook":3,"minecraft:crafting_table":2,"minecraft:iron_helmet":1,"farmersdelight:flint_knife":1,"minecraft:wooden_pickaxe":1,"minecraft:baked_potato":7,"minecraft:iron_sword":1,"epicfight:iron_longsword":1,"minecraft:stone_axe":1,"butchersdelightfoods:cookedsheeprack":2,"butchersdelightfoods:coockedbeeftenderloin":5,"minecraft:air":0,"minecraft:jungle_planks":24,"minecraft:shield":1,"minecraft:stick":48,"minecraft:iron_pickaxe":1,"minecraft:iron_ingot":9,"butchersdelightfoods:cooked_sheeploin":2,"minecraft:wooden_axe":1,"minecraft:stone_sword":1,"minecraft:iron_leggings":1,"minecraft:torch":64},"minecraft:picked_up":{"minecraft:crafting_table":8,"minecraft:iron_chestplate":1,"minecraft:sandstone_slab":1,"butchersdelightfoods:legcow":5,"minecraft:enchanted_book":1,"minecraft:raw_copper":14,"butchersdelight:dead_cow":9,"wom:diamond_crown":1,"butchersdelightfoods:sheeploin":2,"minecraft:beef":5,"soul_like_armors_reworked:dagger":1,"minecraft:poppy":1,"minecraft:melon_slice":55,"minecraft:iron_boots":1,"minecraft:furnace":3,"minecraft:stick":2,"minecraft:raw_iron":124,"minecraft:sandstone":92,"minecraft:torch":23,"epicfight:skillbook":2,"tombstone:grave_dust":2,"hexerei:sage_seed":3,"soul_like_armors_reworked:estusflask":4,"minecraft:rotten_flesh":12,"minecraft:arrow":1,"butchersdelight:deadsheep":2,"butchersdelightfoods:sheeprack":2,"minecraft:mutton":2,"minecraft:cobblestone":223,"minecraft:leather_chestplate":1,"epicfight:stone_spear":2,"butchersdelightfoods:beeftenderloin":5,"minecraft:andesite":4,"minecraft:jungle_log":6,"minecraft:smoker":5,"minecraft:flint":1,"minecraft:oak_log":21,"minecraft:lapis_lazuli":9,"minecraft:gunpowder":5,"mca:book_romance":1,"butchersdelight:rack":1,"minecraft:dirt":24,"minecraft:smooth_sandstone":7,"minecraft:bone":4,"minecraft:wheat_seeds":2,"minecraft:stone_pickaxe":2,"minecraft:iron_ingot":79,"soul_like_armors_reworked:dark_knight_helmet":1,"minecraft:bamboo":1,"minecraft:oak_planks":2,"butchersdelight:skullcow":4,"minecraft:gravel":10,"butchersdelight:cow_hide":3,"minecraft:sand":9,"butchersdelightfoods:beefribs":5,"butchersdelight:sheephide":4,"soul_like_armors_reworked:dark_knight_boots":2,"minecraft:granite":13,"butchersdelightfoods:sheepshank":2,"butchersdelight:hook":5,"minecraft:coal":166},"minecraft:dropped":{"minecraft:enchanted_book":1,"minecraft:iron_ingot":37,"butchersdelight:dead_cow":4,"minecraft:wheat_seeds":2,"minecraft:lapis_lazuli":9,"butchersdelight:sheephide":2,"butchersdelightfoods:coockedbeeftenderloin":2,"minecraft:cobblestone":3,"minecraft:granite":13,"epicfight:stone_spear":3,"soul_like_armors_reworked:dark_knight_boots":2,"minecraft:coal":9,"minecraft:stick":4,"minecraft:dirt":8,"mca:book_romance":2,"butchersdelight:skullcow":1,"butchersdelightfoods:cookedsheeprack":2,"minecraft:wooden_axe":1,"minecraft:melon_slice":16,"tombstone:grave_dust":2,"minecraft:sand":6,"butchersdelight:cow_hide":3,"minecraft:bone":9,"minecraft:gravel":5,"minecraft:stone_axe":1,"hexerei:sage_seed":3,"minecraft:iron_nugget":3,"minecraft:raw_copper":14,"tombstone:gift":2,"minecraft:raw_iron":89,"butchersdelightfoods:cooked_sheeploin":2,"minecraft:rotten_flesh":12,"minecraft:oak_planks":1,"minecraft:poppy":1,"minecraft:leather_chestplate":1,"minecraft:gunpowder":5,"butchersdelightfoods:cookedbeefribs":3,"soul_like_armors_reworked:dark_knight_helmet":1,"soul_like_armors_reworked:dagger":2,"minecraft:sandstone":72,"minecraft:arrow":1,"minecraft:wooden_pickaxe":1,"minecraft:stone_pickaxe":3,"wom:diamond_crown":1},"minecraft:broken":{"minecraft:iron_pickaxe":1},"minecraft:mined":{"butchersdelight:rack":1,"minecraft:jungle_leaves":1,"minecraft:granite":13,"minecraft:grass_block":1,"minecraft:jungle_log":6,"minecraft:sandstone":78,"minecraft:spawner":1,"minecraft:furnace":4,"minecraft:iron_ore":70,"minecraft:andesite":5,"minecraft:deepslate_iron_ore":6,"minecraft:flowering_azalea_leaves":1,"minecraft:vine":3,"minecraft:stone":216,"minecraft:sandstone_slab":2,"minecraft:smoker":5,"minecraft:smooth_sandstone":7,"minecraft:crafting_table":8,"minecraft:torch":10,"minecraft:melon":11,"minecraft:copper_ore":2,"minecraft:cobblestone":10,"minecraft:lapis_ore":1,"minecraft:oak_planks":1,"minecraft:wall_torch":15,"minecraft:grass":3,"minecraft:oak_log":21,"butchersdelight:hook":5,"minecraft:coal_ore":108,"minecraft:gravel":9,"minecraft:sand":2,"minecraft:dirt":1,"minecraft:oak_leaves":8,"minecraft:deepslate":1,"minecraft:fern":1},"minecraft:custom":{"minecraft:mob_kills":24,"minecraft:interact_with_crafting_table":31,"minecraft:leave_game":5,"minecraft:time_since_death":13478,"minecraft:climb_one_cm":7212,"minecraft:sprint_one_cm":680473,"minecraft:walk_one_cm":865059,"minecraft:damage_blocked_by_shield":585,"minecraft:drop":114,"minecraft:damage_dealt_absorbed":25,"minecraft:play_time":125521,"minecraft:sneak_time":2722,"minecraft:deaths":2,"minecraft:walk_under_water_one_cm":7465,"minecraft:jump":1708,"minecraft:walk_on_water_one_cm":21419,"minecraft:total_world_time":125521,"minecraft:interact_with_furnace":29,"minecraft:time_since_rest":12230,"minecraft:damage_taken":2010,"minecraft:damage_dealt":6369,"minecraft:swim_one_cm":38543,"minecraft:fly_one_cm":371341,"minecraft:open_chest":15,"minecraft:crouch_one_cm":6660,"tombstone:undead_killed":13,"minecraft:interact_with_smoker":26,"minecraft:fall_one_cm":31953},"minecraft:killed":{"minecraft:skeleton":4,"alexsmobs:centipede_head":1,"alexsmobs:guster":5,"minecraft:creeper":7,"minecraft:zombie":9}},"DataVersion":3120}