{"stats":{"minecraft:mined":{"minecraft:jungle_leaves":1,"minecraft:crafting_table":1,"minecraft:granite":1,"minecraft:grass_block":1,"minecraft:melon":11,"minecraft:furnace":1,"minecraft:iron_ore":10,"minecraft:grass":3,"minecraft:coal_ore":14,"minecraft:oak_log":21,"minecraft:vine":1,"minecraft:gravel":5,"minecraft:dirt":1,"minecraft:stone":54,"minecraft:oak_leaves":8,"minecraft:fern":1},"minecraft:crafted":{"epicfight:stone_spear":1,"minecraft:oak_planks":24,"minecraft:crafting_table":2,"minecraft:wooden_pickaxe":1,"minecraft:furnace":1,"minecraft:stone_axe":1,"minecraft:stick":16,"minecraft:iron_ingot":9,"minecraft:stone_pickaxe":1,"minecraft:wooden_axe":1,"minecraft:stone_sword":1,"minecraft:torch":4},"minecraft:killed_by":{"man:managgresive":1},"minecraft:dropped":{"minecraft:gravel":2,"butchersdelight:dead_cow":4,"hexerei:sage_seed":2,"minecraft:wheat_seeds":2,"minecraft:cobblestone":3,"minecraft:rotten_flesh":6,"minecraft:oak_planks":1,"minecraft:granite":1,"minecraft:stick":4,"minecraft:wooden_axe":1,"minecraft:melon_slice":11,"soul_like_armors_reworked:dagger":1,"minecraft:wooden_pickaxe":1},"minecraft:killed":{"minecraft:skeleton":1,"minecraft:zombie":2},"minecraft:used":{"minecraft:stone_pickaxe":59,"minecraft:wooden_pickaxe":21,"minecraft:torch":2,"minecraft:dirt":16,"minecraft:crafting_table":3,"epicfight:stone_spear":13,"minecraft:oak_log":6,"minecraft:wooden_axe":20,"soul_like_armors_reworked:dagger":26,"minecraft:melon_slice":33,"minecraft:gravel":1,"minecraft:bamboo":1,"minecraft:stone_axe":1,"minecraft:cobblestone":7,"minecraft:furnace":1},"minecraft:picked_up":{"minecraft:crafting_table":1,"minecraft:flint":1,"minecraft:oak_log":21,"minecraft:dirt":16,"butchersdelight:dead_cow":8,"minecraft:wheat_seeds":2,"soul_like_armors_reworked:dagger":1,"minecraft:bamboo":1,"minecraft:melon_slice":55,"minecraft:oak_planks":1,"minecraft:raw_iron":9,"minecraft:gravel":3,"hexerei:sage_seed":2,"soul_like_armors_reworked:estusflask":2,"minecraft:rotten_flesh":6,"minecraft:granite":1,"minecraft:coal":14,"minecraft:cobblestone":56},"minecraft:custom":{"minecraft:interact_with_furnace":9,"minecraft:mob_kills":3,"minecraft:interact_with_crafting_table":9,"minecraft:leave_game":4,"minecraft:time_since_death":23843,"minecraft:climb_one_cm":6920,"minecraft:time_since_rest":23526,"minecraft:sprint_one_cm":197385,"minecraft:damage_taken":690,"minecraft:walk_one_cm":251974,"minecraft:drop":39,"minecraft:damage_dealt":1425,"minecraft:damage_dealt_absorbed":25,"minecraft:swim_one_cm":32574,"minecraft:fly_one_cm":95299,"minecraft:crouch_one_cm":850,"minecraft:play_time":38482,"tombstone:undead_killed":3,"minecraft:deaths":1,"minecraft:sneak_time":894,"minecraft:walk_under_water_one_cm":676,"minecraft:jump":441,"minecraft:walk_on_water_one_cm":8927,"minecraft:total_world_time":38482,"minecraft:fall_one_cm":9194}},"DataVersion":3120}