{"stats":{"minecraft:mined":{"minecraft:smoker":1,"minecraft:jungle_leaves":1,"minecraft:crafting_table":4,"minecraft:torch":1,"minecraft:granite":1,"minecraft:grass_block":1,"minecraft:melon":11,"minecraft:cobblestone":5,"minecraft:wall_torch":1,"minecraft:furnace":3,"minecraft:iron_ore":10,"minecraft:grass":3,"butchersdelight:hook":3,"minecraft:coal_ore":14,"minecraft:oak_log":21,"minecraft:vine":1,"minecraft:gravel":6,"minecraft:dirt":1,"minecraft:stone":56,"minecraft:oak_leaves":8,"minecraft:fern":1},"minecraft:crafted":{"minecraft:cooked_beef":2,"epicfight:stone_spear":1,"minecraft:oak_planks":32,"butchersdelight:hook":3,"minecraft:iron_nugget":18,"minecraft:crafting_table":2,"farmersdelight:flint_knife":1,"minecraft:wooden_pickaxe":1,"minecraft:iron_sword":1,"minecraft:furnace":3,"epicfight:iron_longsword":1,"minecraft:stone_axe":1,"butchersdelightfoods:cooked_leg_cow":2,"butchersdelightfoods:cookedbeefribs":4,"butchersdelightfoods:coockedbeeftenderloin":4,"minecraft:air":0,"minecraft:shield":1,"minecraft:stick":20,"minecraft:iron_ingot":9,"minecraft:stone_pickaxe":1,"minecraft:wooden_axe":1,"minecraft:stone_sword":1,"minecraft:torch":4,"minecraft:smoker":1},"minecraft:killed_by":{"man:managgresive":1},"minecraft:dropped":{"minecraft:gravel":2,"minecraft:iron_ingot":7,"butchersdelight:dead_cow":4,"hexerei:sage_seed":2,"minecraft:wheat_seeds":2,"butchersdelightfoods:coockedbeeftenderloin":2,"minecraft:cobblestone":3,"minecraft:rotten_flesh":6,"minecraft:oak_planks":1,"minecraft:granite":1,"epicfight:stone_spear":2,"minecraft:stick":4,"minecraft:gunpowder":2,"butchersdelightfoods:cookedbeefribs":2,"minecraft:wooden_axe":1,"minecraft:melon_slice":16,"soul_like_armors_reworked:dagger":1,"minecraft:sand":3,"minecraft:wooden_pickaxe":1},"minecraft:used":{"minecraft:stone_pickaxe":72,"minecraft:wooden_pickaxe":21,"butchersdelight:hook":3,"epicfight:iron_longsword":5,"butchersdelight:skullcow":3,"minecraft:torch":2,"minecraft:dirt":16,"minecraft:crafting_table":5,"minecraft:smoker":1,"epicfight:stone_spear":13,"minecraft:oak_log":6,"minecraft:wooden_axe":20,"soul_like_armors_reworked:dagger":26,"minecraft:melon_slice":39,"minecraft:gravel":2,"minecraft:bamboo":1,"minecraft:stone_axe":4,"minecraft:cobblestone":9,"minecraft:furnace":2},"minecraft:killed":{"alexsmobs:guster":1,"minecraft:creeper":1,"minecraft:skeleton":1,"minecraft:zombie":2},"minecraft:picked_up":{"epicfight:stone_spear":2,"minecraft:crafting_table":4,"butchersdelightfoods:beeftenderloin":4,"butchersdelightfoods:legcow":4,"minecraft:smoker":1,"minecraft:flint":1,"minecraft:oak_log":21,"minecraft:gunpowder":2,"minecraft:dirt":16,"butchersdelight:dead_cow":8,"minecraft:wheat_seeds":2,"minecraft:iron_ingot":7,"minecraft:beef":4,"soul_like_armors_reworked:dagger":1,"minecraft:bamboo":1,"minecraft:melon_slice":55,"minecraft:oak_planks":1,"minecraft:furnace":2,"minecraft:stick":1,"minecraft:raw_iron":9,"minecraft:torch":2,"butchersdelight:cow_hide":2,"butchersdelight:skullcow":3,"minecraft:gravel":4,"minecraft:sand":3,"butchersdelightfoods:beefribs":4,"hexerei:sage_seed":2,"soul_like_armors_reworked:estusflask":2,"minecraft:rotten_flesh":6,"minecraft:granite":1,"butchersdelight:hook":3,"minecraft:coal":14,"minecraft:cobblestone":61},"minecraft:custom":{"minecraft:interact_with_furnace":25,"minecraft:mob_kills":5,"minecraft:interact_with_crafting_table":19,"minecraft:leave_game":4,"minecraft:time_since_death":35843,"minecraft:climb_one_cm":6920,"minecraft:time_since_rest":35526,"minecraft:sprint_one_cm":239950,"minecraft:damage_taken":710,"minecraft:walk_one_cm":346122,"minecraft:drop":50,"minecraft:damage_dealt":1785,"minecraft:damage_dealt_absorbed":25,"minecraft:swim_one_cm":32574,"minecraft:fly_one_cm":141549,"minecraft:crouch_one_cm":940,"minecraft:play_time":50482,"tombstone:undead_killed":3,"minecraft:deaths":1,"minecraft:sneak_time":1000,"minecraft:walk_under_water_one_cm":676,"minecraft:jump":504,"minecraft:walk_on_water_one_cm":8927,"minecraft:interact_with_smoker":9,"minecraft:total_world_time":50482,"minecraft:fall_one_cm":9921}},"DataVersion":3120}