{"stats":{"minecraft:broken":{"minecraft:iron_pickaxe":1},"minecraft:crafted":{"minecraft:oak_planks":44,"minecraft:iron_nugget":18,"minecraft:furnace":3,"butchersdelightfoods:cookedsheepshank":2,"butchersdelightfoods:cooked_leg_cow":3,"butchersdelightfoods:cookedbeefribs":5,"minecraft:cooked_mutton":2,"butchersdelight:rack":2,"minecraft:iron_axe":1,"minecraft:stone_pickaxe":2,"minecraft:smoker":1,"minecraft:cooked_beef":3,"minecraft:coal_block":15,"epicfight:stone_spear":1,"butchersdelight:hook":3,"minecraft:crafting_table":2,"minecraft:iron_helmet":1,"minecraft:wooden_pickaxe":1,"minecraft:jungle_boat":1,"farmersdelight:flint_knife":1,"minecraft:baked_potato":7,"minecraft:iron_sword":1,"epicfight:iron_longsword":1,"minecraft:stone_axe":1,"butchersdelightfoods:cookedsheeprack":2,"butchersdelightfoods:coockedbeeftenderloin":5,"minecraft:air":0,"minecraft:jungle_planks":24,"minecraft:shield":1,"minecraft:stick":48,"minecraft:iron_ingot":9,"minecraft:iron_pickaxe":1,"butchersdelightfoods:cooked_sheeploin":2,"minecraft:wooden_axe":1,"minecraft:stone_sword":1,"minecraft:iron_leggings":1,"minecraft:torch":64,"minecraft:shears":1},"minecraft:picked_up":{"minecraft:crafting_table":9,"minecraft:iron_chestplate":1,"minecraft:wheat":7,"minecraft:sandstone_slab":1,"butchersdelightfoods:legcow":5,"minecraft:enchanted_book":1,"minecraft:raw_copper":14,"butchersdelight:dead_cow":9,"minecraft:beetroot":12,"wom:diamond_crown":1,"butchersdelightfoods:sheeploin":2,"butchersdelight:deadrabbitbrown":1,"minecraft:beef":5,"minecraft:azalea":2,"soul_like_armors_reworked:dagger":1,"minecraft:poppy":2,"minecraft:melon_slice":89,"minecraft:furnace":3,"minecraft:iron_boots":1,"minecraft:stick":2,"minecraft:raw_iron":124,"minecraft:sandstone":92,"minecraft:torch":23,"epicfight:skillbook":3,"farmersdelight:tomato_seeds":5,"tombstone:grave_dust":2,"minecraft:carrot":10,"minecraft:redstone":1,"hexerei:sage_seed":3,"soul_like_armors_reworked:estusflask":4,"minecraft:arrow":2,"butchersdelight:deadsheep":2,"minecraft:rotten_flesh":16,"minecraft:beetroot_seeds":78,"iceandfire:deathworm_chitin_yellow":2,"butchersdelightfoods:sheeprack":2,"minecraft:mutton":2,"minecraft:white_wool":7,"minecraft:cobblestone":223,"epicfight:stone_spear":2,"minecraft:leather_chestplate":1,"butchersdelightfoods:beeftenderloin":5,"minecraft:andesite":4,"minecraft:jungle_log":6,"minecraft:chiseled_quartz_block":5,"minecraft:smoker":5,"minecraft:potato":14,"minecraft:flint":1,"minecraft:oak_log":21,"minecraft:gunpowder":5,"mca:book_romance":1,"butchersdelight:rack":1,"minecraft:lapis_lazuli":9,"farmersdelight:tomato":5,"minecraft:dirt":24,"minecraft:smooth_sandstone":7,"minecraft:bone":8,"minecraft:wheat_seeds":21,"minecraft:iron_ingot":79,"minecraft:stone_pickaxe":2,"soul_like_armors_reworked:dark_knight_helmet":1,"minecraft:bamboo":1,"minecraft:oak_planks":2,"butchersdelight:skullcow":4,"minecraft:gravel":10,"butchersdelight:cow_hide":3,"minecraft:sand":12,"butchersdelightfoods:beefribs":5,"minecraft:spider_eye":1,"butchersdelight:sheephide":4,"soul_like_armors_reworked:dark_knight_boots":2,"minecraft:granite":13,"butchersdelightfoods:sheepshank":2,"butchersdelight:hook":5,"minecraft:melon_seeds":8,"minecraft:coal":166},"minecraft:mined":{"butchersdelight:rack":1,"minecraft:jungle_leaves":1,"minecraft:granite":13,"minecraft:grass_block":1,"minecraft:jungle_log":6,"minecraft:redstone_wire":1,"minecraft:sandstone":78,"minecraft:spawner":3,"minecraft:furnace":4,"minecraft:iron_ore":70,"minecraft:andesite":5,"minecraft:flowering_azalea_leaves":1,"minecraft:deepslate_iron_ore":6,"minecraft:vine":3,"minecraft:stone":216,"minecraft:sandstone_slab":2,"minecraft:gray_concrete":1,"minecraft:smoker":5,"minecraft:chiseled_quartz_block":4,"minecraft:smooth_sandstone":7,"minecraft:crafting_table":9,"minecraft:torch":10,"minecraft:melon":17,"minecraft:dead_bush":1,"minecraft:copper_ore":2,"minecraft:cobblestone":10,"farmersdelight:wild_tomatoes":4,"minecraft:lapis_ore":1,"minecraft:oak_planks":1,"minecraft:wall_torch":15,"minecraft:grass":4,"butchersdelight:hook":5,"minecraft:oak_log":21,"minecraft:coal_ore":108,"minecraft:sand":6,"minecraft:gravel":9,"minecraft:dirt":1,"minecraft:oak_leaves":8,"minecraft:deepslate":1,"minecraft:fern":1},"minecraft:killed_by":{"minecraft:player":1},"minecraft:dropped":{"farmersdelight:tomato_seeds":5,"minecraft:enchanted_book":1,"minecraft:iron_ingot":38,"butchersdelight:dead_cow":4,"minecraft:wheat_seeds":21,"minecraft:lapis_lazuli":9,"butchersdelight:sheephide":2,"butchersdelightfoods:coockedbeeftenderloin":2,"minecraft:cobblestone":3,"minecraft:granite":13,"epicfight:stone_spear":3,"soul_like_armors_reworked:dark_knight_boots":2,"minecraft:coal":9,"minecraft:stick":4,"minecraft:dirt":8,"mca:book_romance":2,"butchersdelight:skullcow":1,"butchersdelightfoods:cookedsheeprack":2,"minecraft:wooden_axe":1,"minecraft:melon_slice":16,"tombstone:grave_dust":2,"minecraft:sand":6,"butchersdelight:cow_hide":3,"minecraft:bone":11,"minecraft:gravel":5,"minecraft:stone_axe":1,"hexerei:sage_seed":3,"minecraft:iron_nugget":3,"minecraft:raw_copper":14,"tombstone:gift":2,"minecraft:raw_iron":89,"butchersdelightfoods:cooked_sheeploin":2,"minecraft:rotten_flesh":16,"minecraft:oak_planks":1,"minecraft:poppy":2,"minecraft:leather_chestplate":1,"minecraft:gunpowder":5,"butchersdelightfoods:cookedbeefribs":3,"minecraft:beetroot_seeds":78,"soul_like_armors_reworked:dagger":2,"soul_like_armors_reworked:dark_knight_helmet":1,"minecraft:spider_eye":1,"minecraft:sandstone":72,"minecraft:arrow":1,"minecraft:wooden_pickaxe":1,"minecraft:stone_pickaxe":3,"iceandfire:deathworm_chitin_yellow":2,"wom:diamond_crown":1},"minecraft:custom":{"minecraft:mob_kills":27,"minecraft:interact_with_crafting_table":33,"minecraft:open_barrel":10,"minecraft:leave_game":7,"minecraft:time_since_death":48853,"minecraft:climb_one_cm":25755,"minecraft:sprint_one_cm":1049009,"minecraft:walk_one_cm":1138280,"minecraft:damage_blocked_by_shield":585,"minecraft:drop":133,"minecraft:damage_dealt_absorbed":25,"minecraft:play_time":160896,"minecraft:sneak_time":2979,"minecraft:deaths":2,"minecraft:walk_under_water_one_cm":7510,"minecraft:boat_one_cm":214178,"minecraft:jump":2113,"minecraft:interact_with_brewingstand":1,"minecraft:walk_on_water_one_cm":26039,"minecraft:total_world_time":160896,"minecraft:interact_with_furnace":29,"minecraft:sleep_in_bed":1,"minecraft:time_since_rest":5328,"minecraft:damage_taken":2426,"minecraft:damage_dealt":7120,"minecraft:swim_one_cm":42294,"minecraft:fly_one_cm":488002,"minecraft:open_chest":27,"minecraft:crouch_one_cm":7253,"tombstone:undead_killed":15,"minecraft:interact_with_smoker":26,"minecraft:fall_one_cm":38753},"minecraft:killed":{"minecraft:spider":1,"minecraft:skeleton":6,"alexsmobs:centipede_head":1,"iceandfire:deathworm":1,"alexsmobs:guster":5,"minecraft:creeper":7,"minecraft:zombie":9},"minecraft:used":{"minecraft:azalea":2,"minecraft:shield":11,"butchersdelight:hook":5,"soul_like_armors_reworked:estusflask":1,"butchersdelightfoods:cooked_leg_cow":3,"butchersdelightfoods:cookedbeefribs":2,"minecraft:torch":87,"minecraft:dirt":16,"minecraft:carrot":12,"minecraft:wooden_axe":20,"soul_like_armors_reworked:dagger":26,"farmersdelight:tomato":1,"minecraft:iron_axe":8,"minecraft:smooth_sandstone":7,"minecraft:iron_boots":1,"minecraft:bamboo":1,"minecraft:furnace":4,"soul_like_armors_reworked:dark_knight_boots":1,"minecraft:cooked_beef":3,"minecraft:cooked_mutton":2,"epicfight:skillbook":2,"butchersdelightfoods:coockedbeeftenderloin":3,"minecraft:baked_potato":7,"minecraft:stone_pickaxe":246,"minecraft:oak_planks":3,"minecraft:sandstone":20,"epicfight:iron_longsword":110,"minecraft:wooden_pickaxe":21,"minecraft:jungle_boat":1,"butchersdelight:skullcow":3,"minecraft:sand":6,"minecraft:crafting_table":10,"minecraft:chiseled_quartz_block":2,"epicfight:stone_spear":13,"minecraft:smoker":5,"minecraft:oak_log":6,"minecraft:bread":1,"minecraft:melon_slice":39,"minecraft:iron_pickaxe":280,"soul_like_armors_reworked:dark_knight_helmet":1,"minecraft:gravel":5,"minecraft:stone_axe":18,"minecraft:cobblestone":161,"minecraft:andesite":4,"butchersdelight:rack":3}},"DataVersion":3120}