{"stats":{"minecraft:mined":{"minecraft:oak_log":1,"minecraft:melon":11,"minecraft:fern":1},"minecraft:picked_up":{"minecraft:oak_log":1,"butchersdelight:dead_cow":4,"minecraft:melon_slice":55},"minecraft:used":{"minecraft:melon_slice":3,"minecraft:oak_log":1,"soul_like_armors_reworked:dagger":13},"minecraft:custom":{"minecraft:jump":63,"minecraft:time_since_rest":12965,"minecraft:damage_dealt":400,"minecraft:crouch_one_cm":561,"minecraft:leave_game":2,"minecraft:play_time":12965,"minecraft:sprint_one_cm":51291,"minecraft:time_since_death":12965,"minecraft:walk_one_cm":60214,"minecraft:sneak_time":54,"minecraft:climb_one_cm":153,"minecraft:total_world_time":12965,"minecraft:damage_dealt_absorbed":12,"minecraft:fall_one_cm":1045,"minecraft:fly_one_cm":22593}},"DataVersion":3120}