{"stats":{"minecraft:mined":{"minecraft:jungle_leaves":1,"minecraft:granite":1,"minecraft:grass_block":1,"minecraft:sandstone":39,"minecraft:spawner":1,"minecraft:furnace":3,"minecraft:iron_ore":70,"minecraft:andesite":5,"minecraft:vine":1,"minecraft:deepslate_iron_ore":6,"minecraft:stone":214,"minecraft:smoker":3,"minecraft:smooth_sandstone":7,"minecraft:crafting_table":7,"minecraft:torch":10,"minecraft:melon":11,"minecraft:copper_ore":2,"minecraft:cobblestone":9,"minecraft:lapis_ore":1,"minecraft:oak_planks":1,"minecraft:wall_torch":15,"minecraft:grass":3,"minecraft:oak_log":21,"butchersdelight:hook":3,"minecraft:coal_ore":93,"minecraft:sand":2,"minecraft:gravel":9,"minecraft:dirt":1,"minecraft:oak_leaves":8,"minecraft:deepslate":1,"minecraft:fern":1},"minecraft:crafted":{"minecraft:oak_planks":44,"minecraft:iron_nugget":18,"minecraft:furnace":3,"butchersdelightfoods:cooked_leg_cow":2,"butchersdelightfoods:cookedbeefribs":4,"minecraft:stone_pickaxe":2,"minecraft:smoker":1,"minecraft:cooked_beef":2,"minecraft:coal_block":11,"epicfight:stone_spear":1,"butchersdelight:hook":3,"minecraft:crafting_table":2,"farmersdelight:flint_knife":1,"minecraft:wooden_pickaxe":1,"minecraft:baked_potato":7,"minecraft:iron_sword":1,"epicfight:iron_longsword":1,"minecraft:stone_axe":1,"butchersdelightfoods:coockedbeeftenderloin":4,"minecraft:air":0,"minecraft:shield":1,"minecraft:stick":36,"minecraft:iron_ingot":9,"minecraft:wooden_axe":1,"minecraft:stone_sword":1,"minecraft:torch":64},"minecraft:broken":{"minecraft:iron_pickaxe":1},"minecraft:killed_by":{"man:managgresive":1},"minecraft:dropped":{"minecraft:enchanted_book":1,"minecraft:iron_ingot":7,"butchersdelight:dead_cow":4,"minecraft:wheat_seeds":2,"minecraft:lapis_lazuli":9,"butchersdelightfoods:coockedbeeftenderloin":2,"minecraft:cobblestone":3,"minecraft:granite":1,"epicfight:stone_spear":3,"soul_like_armors_reworked:dark_knight_boots":1,"minecraft:stick":4,"minecraft:dirt":8,"mca:book_romance":2,"minecraft:wooden_axe":1,"minecraft:melon_slice":16,"tombstone:grave_dust":2,"minecraft:sand":5,"minecraft:bone":8,"minecraft:gravel":5,"hexerei:sage_seed":3,"minecraft:raw_copper":14,"tombstone:gift":1,"minecraft:rotten_flesh":12,"minecraft:oak_planks":1,"minecraft:poppy":1,"minecraft:gunpowder":2,"butchersdelightfoods:cookedbeefribs":2,"soul_like_armors_reworked:dagger":2,"minecraft:sandstone":43,"minecraft:wooden_pickaxe":1},"minecraft:killed":{"minecraft:skeleton":4,"alexsmobs:centipede_head":1,"alexsmobs:guster":4,"minecraft:creeper":7,"minecraft:zombie":9},"minecraft:used":{"minecraft:shield":11,"butchersdelight:hook":3,"butchersdelightfoods:cooked_leg_cow":2,"butchersdelightfoods:cookedbeefribs":2,"minecraft:torch":81,"minecraft:dirt":16,"minecraft:wooden_axe":20,"soul_like_armors_reworked:dagger":26,"minecraft:smooth_sandstone":7,"minecraft:bamboo":1,"minecraft:furnace":2,"soul_like_armors_reworked:dark_knight_boots":1,"minecraft:cooked_beef":2,"epicfight:skillbook":2,"butchersdelightfoods:coockedbeeftenderloin":2,"minecraft:stone_pickaxe":188,"minecraft:baked_potato":4,"minecraft:oak_planks":1,"minecraft:wooden_pickaxe":21,"minecraft:sandstone":10,"epicfight:iron_longsword":81,"butchersdelight:skullcow":3,"minecraft:sand":3,"minecraft:crafting_table":9,"epicfight:stone_spear":13,"minecraft:smoker":3,"minecraft:oak_log":6,"minecraft:bread":1,"minecraft:melon_slice":39,"minecraft:iron_pickaxe":253,"soul_like_armors_reworked:dark_knight_helmet":1,"minecraft:gravel":5,"minecraft:stone_axe":9,"minecraft:cobblestone":152,"minecraft:andesite":4},"minecraft:picked_up":{"minecraft:crafting_table":7,"butchersdelightfoods:legcow":4,"minecraft:enchanted_book":1,"minecraft:raw_copper":14,"butchersdelight:dead_cow":9,"minecraft:beef":4,"soul_like_armors_reworked:dagger":1,"minecraft:poppy":1,"minecraft:melon_slice":55,"minecraft:furnace":2,"minecraft:stick":2,"minecraft:raw_iron":93,"minecraft:sandstone":53,"minecraft:torch":23,"epicfight:skillbook":2,"tombstone:grave_dust":2,"soul_like_armors_reworked:estusflask":2,"hexerei:sage_seed":3,"minecraft:arrow":1,"minecraft:rotten_flesh":12,"minecraft:cobblestone":221,"epicfight:stone_spear":2,"butchersdelightfoods:beeftenderloin":4,"minecraft:andesite":4,"minecraft:smoker":3,"minecraft:flint":1,"minecraft:oak_log":21,"minecraft:gunpowder":5,"mca:book_romance":1,"minecraft:lapis_lazuli":9,"minecraft:dirt":24,"minecraft:smooth_sandstone":7,"minecraft:bone":4,"minecraft:wheat_seeds":2,"minecraft:iron_ingot":7,"soul_like_armors_reworked:dark_knight_helmet":1,"minecraft:bamboo":1,"minecraft:oak_planks":2,"butchersdelight:skullcow":3,"minecraft:gravel":10,"butchersdelight:cow_hide":2,"minecraft:sand":8,"butchersdelightfoods:beefribs":4,"soul_like_armors_reworked:dark_knight_boots":2,"minecraft:granite":1,"butchersdelight:hook":3,"minecraft:coal":130},"minecraft:custom":{"minecraft:mob_kills":23,"minecraft:interact_with_crafting_table":21,"minecraft:leave_game":4,"minecraft:time_since_death":83843,"minecraft:climb_one_cm":6920,"minecraft:sprint_one_cm":534806,"minecraft:walk_one_cm":695512,"minecraft:damage_blocked_by_shield":585,"minecraft:drop":82,"minecraft:damage_dealt_absorbed":25,"minecraft:play_time":98482,"minecraft:deaths":1,"minecraft:sneak_time":2246,"minecraft:walk_under_water_one_cm":2722,"minecraft:jump":1329,"minecraft:walk_on_water_one_cm":17107,"minecraft:total_world_time":98482,"minecraft:interact_with_furnace":25,"minecraft:time_since_rest":83526,"minecraft:damage_taken":1403,"minecraft:damage_dealt":5688,"minecraft:swim_one_cm":33738,"minecraft:fly_one_cm":256845,"minecraft:open_chest":15,"minecraft:crouch_one_cm":4230,"tombstone:undead_killed":13,"minecraft:interact_with_smoker":15,"minecraft:fall_one_cm":18113}},"DataVersion":3120}