{"stats":{"minecraft:dropped":{"minecraft:gravel":1,"minecraft:enchanted_book":1,"minecraft:iron_ingot":1,"butchersdelightfoods:porkloin":4,"minecraft:porkchop":4,"butchersdelightfoods:cooked_ham":2,"farmersdelight:pumpkin_slice":38,"minecraft:cooked_porkchop":4,"butchersdelightfoods:porkribs":4,"minecraft:rotten_flesh":13,"minecraft:rabbit_foot":2,"spartanshields:wooden_basic_shield":1,"minecraft:rabbit_hide":7,"butchersdelightfoods:cookedporkribs":1,"farmersdelight:flint_knife":1,"minecraft:rabbit":1,"butchersdelightfoods:ham":2,"minecraft:stone_pickaxe":1,"minecraft:wooden_pickaxe":1,"farmersdelight:ham":6,"minecraft:cooked_rabbit":2,"minecraft:netherrack":2,"minecraft:spruce_sapling":1,"minecraft:bone":1},"minecraft:picked_up":{"minecraft:crafting_table":6,"butchersdelight:deadpig":2,"minecraft:flint":1,"butchersdelightfoods:cookedporkloin":2,"farmersdelight:cutting_board":1,"minecraft:dirt":10,"minecraft:string":3,"minecraft:red_bed":1,"minecraft:bone":6,"butchersdelightfoods:cookedporkribs":1,"butchersdelight:deadrabbitbrown":9,"minecraft:rabbit_hide":8,"farmersdelight:pumpkin_slice":76,"minecraft:spruce_planks":1,"minecraft:iron_ingot":2,"tombstone:bag_of_seeds":1,"minecraft:iron_pickaxe":1,"minecraft:rabbit":9,"butchersdelightfoods:porkribs":6,"minecraft:furnace":1,"minecraft:stick":2,"minecraft:raw_iron":1,"minecraft:cooked_porkchop":5,"minecraft:pumpkin":44,"minecraft:sweet_berries":8,"minecraft:torch":2,"minecraft:gravel":4,"minecraft:porkchop":4,"butchersdelightfoods:porkloin":4,"minecraft:spruce_sapling":1,"minecraft:spruce_log":10,"farmersdelight:ham":8,"minecraft:rabbit_foot":3,"minecraft:arrow":3,"minecraft:rotten_flesh":13,"butchersdelightfoods:ham":4,"minecraft:jack_o_lantern":3,"minecraft:netherrack":7,"minecraft:iron_bars":3,"minecraft:coal":24,"minecraft:cobblestone":45},"minecraft:custom":{"minecraft:interact_with_furnace":26,"spartanshields:shield_bash_hits":4,"minecraft:mob_kills":25,"minecraft:interact_with_crafting_table":16,"minecraft:interact_with_cartography_table":1,"minecraft:leave_game":2,"minecraft:time_since_death":46362,"minecraft:climb_one_cm":2806,"minecraft:time_since_rest":46385,"minecraft:sprint_one_cm":193248,"minecraft:damage_taken":1099,"minecraft:walk_one_cm":253413,"minecraft:damage_blocked_by_shield":165,"minecraft:drop":40,"minecraft:damage_dealt":4929,"minecraft:talked_to_villager":11,"minecraft:fly_one_cm":215574,"minecraft:open_chest":8,"minecraft:crouch_one_cm":2027,"minecraft:play_time":73501,"tombstone:undead_killed":16,"minecraft:deaths":2,"minecraft:sneak_time":854,"minecraft:interact_with_brewingstand":2,"tombstone:villager_killed":1,"minecraft:jump":931,"minecraft:total_world_time":73501,"minecraft:fall_one_cm":13058},"minecraft:killed":{"minecraft:spider":3,"minecraft:creeper":1,"minecraft:skeleton":2,"minecraft:zombie":14,"minecraft:villager":1},"minecraft:crafted":{"minecraft:cooked_porkchop":7,"butchersdelight:hook":1,"minecraft:iron_nugget":9,"minecraft:crafting_table":1,"minecraft:spruce_planks":40,"farmersdelight:flint_knife":1,"spartanshields:wooden_tower_shield":1,"minecraft:wooden_pickaxe":1,"minecraft:furnace":1,"spartanweaponry:handle":1,"butchersdelightfoods:cooked_ham":4,"spartanweaponry:stone_rapier":1,"butchersdelight:cleaver":1,"minecraft:stone_axe":1,"spartanshields:stone_tower_shield":1,"minecraft:air":0,"farmersdelight:cutting_board":1,"butchersdelightfoods:cookedporkribs":2,"minecraft:stick":12,"minecraft:iron_ingot":1,"minecraft:stone_pickaxe":1,"spartanshields:wooden_basic_shield":1,"minecraft:torch":4,"minecraft:cooked_rabbit":5},"minecraft:used":{"minecraft:jack_o_lantern":3,"minecraft:iron_bars":3,"butchersdelightfoods:cookedporkloin":1,"minecraft:stone_pickaxe":27,"butchersdelight:hook":1,"minecraft:spruce_planks":1,"minecraft:wooden_pickaxe":41,"farmersdelight:pumpkin_slice":2,"minecraft:netherrack":5,"minecraft:torch":3,"minecraft:dirt":10,"minecraft:crafting_table":6,"spartanshields:stone_tower_shield":6,"spartanweaponry:stone_rapier":48,"tombstone:bag_of_seeds":1,"minecraft:iron_pickaxe":12,"farmersdelight:ham":1,"minecraft:gravel":3,"butchersdelightfoods:cooked_ham":1,"minecraft:stone_axe":67,"farmersdelight:cutting_board":1,"minecraft:cobblestone":6,"minecraft:sweet_berries":8,"minecraft:furnace":2,"minecraft:cooked_porkchop":1,"minecraft:cooked_rabbit":3,"tombstone:gift":2,"minecraft:pumpkin":1,"minecraft:splash_potion":1,"butchersdelightfoods:cookedporkribs":1},"minecraft:killed_by":{"minecraft:zombie":2},"minecraft:mined":{"minecraft:spruce_planks":1,"minecraft:red_bed":1,"minecraft:jack_o_lantern":2,"minecraft:torch":2,"minecraft:crafting_table":6,"minecraft:cobblestone":3,"minecraft:spruce_leaves":1,"minecraft:furnace":1,"minecraft:iron_ore":1,"farmersdelight:cutting_board":1,"minecraft:sweet_berry_bush":4,"minecraft:spruce_log":10,"minecraft:pumpkin":20,"minecraft:grass":3,"minecraft:coal_ore":23,"minecraft:iron_bars":2,"minecraft:gravel":5,"minecraft:dirt":9,"minecraft:cobweb":1,"minecraft:stone":42,"minecraft:netherrack":8}},"DataVersion":2975}