{"stats":{"minecraft:mined":{"minecraft:grass":1,"minecraft:oak_log":1,"minecraft:melon":11,"minecraft:fern":1},"minecraft:killed_by":{"man:managgresive":1},"minecraft:dropped":{"minecraft:melon_slice":6},"minecraft:picked_up":{"butchersdelight:dead_cow":4,"minecraft:oak_log":1,"minecraft:melon_slice":55},"minecraft:used":{"minecraft:oak_log":1,"soul_like_armors_reworked:dagger":18,"minecraft:melon_slice":3},"minecraft:custom":{"minecraft:time_since_rest":1,"minecraft:deaths":1,"minecraft:crouch_one_cm":561,"minecraft:damage_taken":265,"minecraft:sprint_one_cm":64997,"minecraft:play_time":14838,"minecraft:walk_one_cm":80735,"minecraft:sneak_time":54,"minecraft:drop":6,"minecraft:jump":89,"minecraft:damage_dealt":600,"minecraft:leave_game":2,"minecraft:time_since_death":199,"minecraft:climb_one_cm":518,"minecraft:total_world_time":14838,"minecraft:damage_dealt_absorbed":17,"minecraft:fall_one_cm":1628,"minecraft:fly_one_cm":32930}},"DataVersion":3120}