{"stats":{"minecraft:broken":{"minecraft:iron_pickaxe":1,"epicfight:iron_longsword":1},"minecraft:crafted":{"minecraft:oak_planks":44,"minecraft:iron_nugget":18,"minecraft:furnace":3,"butchersdelightfoods:cookedsheepshank":2,"butchersdelightfoods:cooked_leg_cow":3,"butchersdelightfoods:cookedbeefribs":5,"minecraft:cooked_mutton":2,"butchersdelight:rack":2,"minecraft:iron_axe":1,"minecraft:stone_pickaxe":2,"minecraft:smoker":1,"minecraft:cooked_beef":3,"minecraft:coal_block":15,"epicfight:stone_spear":1,"butchersdelight:hook":3,"minecraft:crafting_table":2,"minecraft:iron_helmet":1,"minecraft:wooden_pickaxe":1,"farmersdelight:flint_knife":1,"minecraft:jungle_boat":1,"minecraft:baked_potato":7,"minecraft:iron_sword":2,"epicfight:iron_longsword":2,"minecraft:stone_axe":1,"butchersdelightfoods:cookedsheeprack":2,"minecraft:bread":2,"butchersdelightfoods:coockedbeeftenderloin":5,"minecraft:air":0,"minecraft:jungle_planks":24,"minecraft:shield":1,"minecraft:stick":52,"minecraft:iron_ingot":69,"minecraft:iron_pickaxe":1,"butchersdelightfoods:cooked_sheeploin":2,"minecraft:wooden_axe":1,"minecraft:stone_sword":1,"minecraft:iron_leggings":1,"minecraft:torch":68,"minecraft:shears":1},"minecraft:picked_up":{"minecraft:crafting_table":11,"minecraft:iron_chestplate":1,"minecraft:wheat":7,"minecraft:sandstone_slab":1,"minecraft:splash_potion":5,"butchersdelightfoods:legcow":5,"minecraft:enchanted_book":1,"uniquedungeons:ancient_root_item":29,"soul_like_armors_reworked:darkknightshield":1,"minecraft:string":1,"uniquedungeons:dark_antique_stone_stairs":10,"minecraft:raw_copper":14,"butchersdelight:dead_cow":9,"minecraft:beetroot":12,"wom:diamond_crown":1,"butchersdelightfoods:sheeploin":2,"butchersdelight:deadrabbitbrown":1,"minecraft:bucket":1,"minecraft:beef":5,"uniquedungeons:antique_pebble":1,"iceandfire:myrmex_desert_resin":1,"minecraft:azalea":2,"soul_like_armors_reworked:dagger":1,"minecraft:poppy":2,"minecraft:smooth_quartz":2,"minecraft:melon_slice":89,"minecraft:iron_boots":1,"minecraft:furnace":3,"minecraft:golden_helmet":1,"minecraft:stick":2,"minecraft:raw_iron":124,"minecraft:sandstone":93,"minecraft:torch":99,"epicfight:skillbook":6,"minecraft:sandstone_wall":1,"farmersdelight:tomato_seeds":5,"tombstone:grave_dust":12,"uniquedungeons:ancient_note":2,"minecraft:carrot":10,"minecraft:redstone":1,"minecraft:golden_chestplate":2,"hexerei:sage_seed":3,"soul_like_armors_reworked:estusflask":12,"minecraft:arrow":7,"butchersdelight:deadsheep":2,"minecraft:rotten_flesh":31,"minecraft:beetroot_seeds":78,"iceandfire:deathworm_chitin_yellow":2,"majruszsdifficulty:soul_jar":1,"butchersdelightfoods:sheeprack":2,"soul_like_armors_reworked:darkknighttrident":1,"minecraft:mutton":2,"minecraft:white_wool":7,"minecraft:cobblestone":223,"epicfight:stone_spear":2,"minecraft:leather_chestplate":1,"butchersdelightfoods:beeftenderloin":5,"uniquedungeons:dark_antique_stone_slab":1,"uniquedungeons:ceramic_shard":7,"uniquedungeons:dark_antique_gravel":25,"minecraft:andesite":4,"minecraft:jungle_log":6,"minecraft:chiseled_quartz_block":12,"minecraft:smoker":5,"minecraft:potato":14,"majruszsdifficulty:cloth":10,"minecraft:flint":1,"minecraft:oak_log":21,"minecraft:gunpowder":5,"mca:book_romance":1,"butchersdelight:rack":1,"minecraft:lapis_lazuli":9,"farmersdelight:tomato":5,"minecraft:dirt":24,"tombstone:gift":1,"minecraft:smooth_sandstone":7,"soul_like_armors_reworked:rustyshield":4,"minecraft:bone":29,"minecraft:bow":2,"minecraft:wheat_seeds":21,"minecraft:dark_oak_sign":13,"minecraft:iron_ingot":80,"minecraft:stone_pickaxe":2,"soul_like_armors_reworked:dark_knight_helmet":2,"tombstone:bag_of_seeds":1,"uniquedungeons:quick_sand":1,"minecraft:bamboo":1,"minecraft:oak_planks":2,"uniquedungeons:dark_antique_stone_pillar":1,"minecraft:cooked_porkchop":13,"butchersdelight:skullcow":4,"minecraft:gravel":10,"butchersdelight:cow_hide":3,"minecraft:sand":62,"uniquedungeons:dark_antique_stone":5,"butchersdelightfoods:beefribs":5,"minecraft:spider_eye":1,"butchersdelight:sheephide":4,"soul_like_armors_reworked:dark_knight_chestplate":1,"soul_like_armors_reworked:dark_knight_boots":2,"minecraft:granite":13,"tombstone:magic_scroll":3,"minecraft:bread":1,"butchersdelightfoods:sheepshank":2,"butchersdelight:hook":5,"minecraft:melon_seeds":8,"minecraft:coal":166},"minecraft:mined":{"uniquedungeons:urn":1,"butchersdelight:rack":1,"minecraft:jungle_leaves":1,"minecraft:granite":13,"uniquedungeons:dark_antique_stone":4,"uniquedungeons:iron_spikes":1,"minecraft:grass_block":1,"minecraft:jungle_log":6,"minecraft:redstone_wire":1,"minecraft:sandstone":79,"minecraft:spawner":8,"uniquedungeons:flame_thrower":1,"minecraft:furnace":4,"minecraft:iron_ore":70,"minecraft:fire":33,"minecraft:andesite":5,"minecraft:flowering_azalea_leaves":1,"minecraft:deepslate_iron_ore":6,"minecraft:vine":3,"minecraft:stone":216,"uniquedungeons:dark_antique_stone_stairs":1,"minecraft:sandstone_slab":2,"minecraft:gray_concrete":1,"minecraft:smoker":5,"minecraft:chiseled_quartz_block":6,"minecraft:smooth_sandstone":9,"minecraft:crafting_table":11,"minecraft:torch":10,"minecraft:melon":17,"minecraft:dead_bush":1,"minecraft:copper_ore":2,"minecraft:cobblestone":10,"farmersdelight:wild_tomatoes":4,"minecraft:lapis_ore":1,"minecraft:oak_planks":1,"minecraft:wall_torch":15,"minecraft:grass":4,"butchersdelight:hook":5,"minecraft:coal_ore":108,"minecraft:oak_log":21,"minecraft:sand":8,"minecraft:smooth_quartz":2,"minecraft:gravel":9,"minecraft:dirt":1,"uniquedungeons:rooted_ground":6,"uniquedungeons:disguised_dispenser":1,"minecraft:oak_leaves":8,"minecraft:deepslate":1,"minecraft:fern":1},"minecraft:killed_by":{"minecraft:player":1,"minecraft:zombie":1},"minecraft:dropped":{"farmersdelight:tomato_seeds":5,"minecraft:enchanted_book":1,"minecraft:iron_ingot":38,"butchersdelight:dead_cow":4,"minecraft:wheat_seeds":21,"minecraft:lapis_lazuli":9,"minecraft:golden_helmet":1,"butchersdelight:sheephide":2,"butchersdelightfoods:coockedbeeftenderloin":2,"minecraft:cobblestone":3,"majruszsdifficulty:soul_jar":2,"minecraft:granite":13,"epicfight:stone_spear":3,"soul_like_armors_reworked:dark_knight_boots":2,"minecraft:coal":9,"minecraft:coal_block":14,"minecraft:stick":6,"minecraft:dirt":8,"tombstone:bag_of_seeds":1,"uniquedungeons:ancient_root_item":16,"butchersdelight:skullcow":1,"mca:book_romance":2,"tombstone:magic_scroll":2,"uniquedungeons:dark_antique_gravel":1,"butchersdelightfoods:cookedsheeprack":2,"minecraft:wooden_axe":1,"minecraft:melon_slice":16,"tombstone:grave_dust":10,"minecraft:sand":6,"minecraft:golden_chestplate":1,"butchersdelight:cow_hide":3,"minecraft:bone":38,"minecraft:gravel":5,"majruszsdifficulty:cloth":20,"minecraft:stone_axe":1,"hexerei:sage_seed":3,"minecraft:wheat":1,"minecraft:iron_nugget":3,"minecraft:chiseled_quartz_block":5,"minecraft:raw_copper":14,"tombstone:gift":3,"minecraft:raw_iron":89,"iceandfire:myrmex_desert_resin":1,"butchersdelightfoods:cooked_sheeploin":2,"minecraft:rotten_flesh":20,"minecraft:oak_planks":1,"soul_like_armors_reworked:darkknightshield":1,"minecraft:poppy":2,"minecraft:leather_chestplate":1,"soul_like_armors_reworked:rustyshield":3,"minecraft:gunpowder":5,"butchersdelightfoods:cookedbeefribs":3,"minecraft:beetroot_seeds":78,"soul_like_armors_reworked:dagger":2,"soul_like_armors_reworked:dark_knight_helmet":1,"minecraft:spider_eye":1,"soul_like_armors_reworked:dark_knight_chestplate":1,"minecraft:sandstone":72,"minecraft:arrow":1,"minecraft:bow":2,"minecraft:wooden_pickaxe":1,"minecraft:stone_pickaxe":3,"iceandfire:deathworm_chitin_yellow":2,"wom:diamond_crown":1,"epicfight:skillbook":2},"minecraft:custom":{"minecraft:mob_kills":65,"minecraft:interact_with_crafting_table":40,"minecraft:open_barrel":55,"goblintraders:trade_with_goblin":30,"minecraft:leave_game":9,"minecraft:time_since_death":45760,"minecraft:climb_one_cm":34471,"minecraft:sprint_one_cm":1252933,"minecraft:walk_one_cm":1572634,"minecraft:damage_blocked_by_shield":1310,"minecraft:drop":197,"minecraft:damage_dealt_absorbed":25,"minecraft:play_time":218250,"minecraft:sneak_time":4426,"minecraft:deaths":3,"minecraft:walk_under_water_one_cm":8577,"minecraft:boat_one_cm":214178,"minecraft:jump":2367,"minecraft:interact_with_brewingstand":1,"minecraft:walk_on_water_one_cm":33763,"minecraft:total_world_time":218250,"minecraft:interact_with_furnace":31,"minecraft:tune_noteblock":2,"minecraft:sleep_in_bed":1,"minecraft:time_since_rest":45760,"minecraft:damage_taken":5595,"minecraft:damage_dealt":13526,"minecraft:swim_one_cm":43118,"minecraft:fly_one_cm":541625,"minecraft:open_chest":37,"minecraft:crouch_one_cm":13430,"tombstone:undead_killed":41,"minecraft:interact_with_smoker":26,"minecraft:fall_one_cm":46982,"minecraft:inspect_dispenser":9},"minecraft:killed":{"minecraft:cave_spider":1,"minecraft:spider":2,"alexsmobs:rattlesnake":1,"minecraft:skeleton":13,"alexsmobs:centipede_head":1,"iceandfire:deathworm":1,"minecraft:husk":13,"alexsmobs:guster":5,"critters_and_cryptids:dustres":2,"minecraft:creeper":9,"minecraft:zombie":13},"minecraft:used":{"minecraft:azalea":2,"minecraft:shield":26,"butchersdelight:hook":5,"soul_like_armors_reworked:estusflask":9,"minecraft:sandstone_wall":1,"butchersdelightfoods:cooked_leg_cow":3,"butchersdelightfoods:cookedbeefribs":2,"minecraft:torch":132,"minecraft:dirt":16,"minecraft:carrot":12,"minecraft:milk_bucket":1,"minecraft:wooden_axe":20,"soul_like_armors_reworked:dagger":26,"farmersdelight:tomato":1,"minecraft:iron_axe":10,"minecraft:smooth_sandstone":7,"minecraft:iron_boots":1,"minecraft:smooth_quartz":2,"minecraft:bamboo":1,"minecraft:furnace":4,"uniquedungeons:dark_antique_stone":1,"tombstone:gift":2,"soul_like_armors_reworked:dark_knight_boots":1,"minecraft:cooked_beef":3,"minecraft:water_bucket":14,"uniquedungeons:antique_pebble":1,"minecraft:cooked_mutton":2,"epicfight:skillbook":6,"butchersdelightfoods:coockedbeeftenderloin":3,"butchersdelightfoods:cookedsheepshank":2,"minecraft:baked_potato":7,"minecraft:oak_planks":3,"minecraft:stone_pickaxe":246,"minecraft:wooden_pickaxe":21,"minecraft:sandstone":21,"epicfight:iron_longsword":264,"minecraft:jungle_boat":1,"butchersdelight:skullcow":3,"minecraft:sand":6,"minecraft:crafting_table":12,"minecraft:crossbow":3,"minecraft:chiseled_quartz_block":2,"epicfight:stone_spear":13,"minecraft:smoker":5,"minecraft:oak_log":6,"minecraft:apple":29,"majruszsdifficulty:undead_army_treasure_bag":1,"minecraft:melon_slice":51,"minecraft:bread":13,"minecraft:iron_pickaxe":302,"tombstone:magic_scroll":1,"soul_like_armors_reworked:dark_knight_helmet":1,"minecraft:gravel":5,"minecraft:stone_axe":18,"uniquedungeons:quick_sand":1,"minecraft:cobblestone":174,"minecraft:cooked_porkchop":10,"minecraft:bucket":15,"minecraft:andesite":4,"uniquedungeons:dark_antique_stone_stairs":9,"minecraft:experience_bottle":1,"butchersdelight:rack":3}},"DataVersion":3120}