{"stats":{"minecraft:broken":{"minecraft:stone_pickaxe":2},"minecraft:crafted":{"minecraft:smooth_stone":3,"minecraft:blast_furnace":1,"minecraft:stone":3,"butchersdelightfoods:cooked_leg_cow":2,"minecraft:flint_and_steel":1,"minecraft:iron_boots":1,"minecraft:iron_axe":1,"epicfight:iron_greatsword":1,"minecraft:stone_pickaxe":3,"soul_like_armors_reworked:dark_knight_helmet":1,"minecraft:cooked_beef":2,"epicfight:stone_greatsword":1,"minecraft:air":0,"soul_like_armors_reworked:dark_knight_boots":1,"minecraft:stick":4,"minecraft:iron_ingot":59,"minecraft:iron_pickaxe":1,"minecraft:acacia_planks":4},"minecraft:picked_up":{"minecraft:charcoal":10,"minecraft:crafting_table":2,"minecraft:sandstone_slab":1,"minecraft:cornflower":1,"minecraft:string":3,"soul_like_armors_reworked:rustysteel_chestplate":1,"minecraft:raw_copper":3,"minecraft:cobbled_deepslate":1,"minecraft:smooth_quartz":6,"minecraft:spruce_slab":1,"minecraft:melon_slice":37,"minecraft:coal_block":4,"minecraft:furnace":3,"butchersdelightfoods:cooked_sheeploin":2,"minecraft:stick":10,"minecraft:raw_iron":143,"minecraft:sandstone":9,"minecraft:torch":3,"minecraft:acacia_log":1,"epicfight:skillbook":3,"farmersdelight:tomato_seeds":25,"tombstone:grave_dust":5,"iceandfire:deathworm_egg_giant":1,"hexerei:sage_seed":6,"soul_like_armors_reworked:estusflask":14,"minecraft:arrow":17,"minecraft:cactus":3,"butchersdelight:deadsheep":2,"minecraft:rotten_flesh":47,"butchersdelightfoods:coockedbeeftenderloin":2,"iceandfire:deathworm_chitin_yellow":10,"minecraft:white_wool":2,"minecraft:cobblestone":169,"minecraft:leather_chestplate":1,"epicfight:stone_spear":2,"minecraft:jungle_boat":1,"minecraft:cooked_beef":5,"minecraft:andesite":2,"minecraft:chiseled_quartz_block":8,"minecraft:flint":1,"minecraft:gunpowder":9,"mca:book_romance":1,"minecraft:gray_concrete":2,"farmersdelight:tomato":6,"soul_like_armors_reworked:rustyshield":1,"minecraft:smooth_sandstone":2,"minecraft:bone":26,"butchersdelightfoods:cookedbeefribs":3,"butchersdelightfoods:cookedsheeprack":2,"minecraft:bow":2,"minecraft:wheat_seeds":5,"minecraft:iron_ingot":41,"soul_like_armors_reworked:dark_knight_helmet":3,"tombstone:bag_of_seeds":1,"minecraft:smooth_basalt":1,"minecraft:cooked_porkchop":28,"butchersdelight:skullcow":1,"minecraft:gravel":19,"butchersdelight:cow_hide":1,"minecraft:sand":6,"soul_like_armors_reworked:dark_knight_leggings":1,"minecraft:blast_furnace":1,"minecraft:light_gray_concrete":2,"alexsmobs:guster_eye":1,"soul_like_armors_reworked:dark_knight_boots":3,"soul_like_armors_reworked:dark_knight_chestplate":1,"alexsmobs:rattlesnake_rattle":2,"minecraft:granite":1,"minecraft:baked_potato":16,"minecraft:coal":74},"minecraft:mined":{"minecraft:jungle_leaves":1,"minecraft:acacia_log":1,"minecraft:coal_block":4,"minecraft:sandstone":19,"minecraft:spawner":1,"minecraft:furnace":1,"minecraft:iron_ore":25,"minecraft:andesite":1,"minecraft:light_gray_concrete":1,"minecraft:stone":160,"minecraft:spruce_slab":1,"minecraft:chiseled_quartz_block":7,"minecraft:smooth_sandstone":2,"minecraft:crafting_table":2,"minecraft:blast_furnace":1,"minecraft:melon":6,"minecraft:dead_bush":2,"minecraft:campfire":5,"minecraft:tall_grass":1,"minecraft:copper_ore":2,"minecraft:cobblestone":4,"farmersdelight:wild_tomatoes":19,"minecraft:wall_torch":1,"minecraft:cactus":1,"minecraft:wheat":2,"minecraft:grass":10,"minecraft:coal_ore":60,"minecraft:smooth_quartz":7,"minecraft:gravel":19,"minecraft:dirt":2,"minecraft:sandstone_wall":1,"minecraft:deepslate":1,"minecraft:fern":1},"minecraft:dropped":{"farmersdelight:tomato_seeds":2,"minecraft:enchanted_book":1,"minecraft:iron_ingot":82,"minecraft:wheat_seeds":5,"alexsmobs:rattlesnake_rattle":2,"minecraft:granite":1,"epicfight:stone_spear":1,"soul_like_armors_reworked:dark_knight_boots":1,"minecraft:coal":58,"minecraft:stick":1,"minecraft:gray_concrete":1,"tombstone:bag_of_seeds":1,"mca:book_romance":2,"minecraft:torch":2,"minecraft:cornflower":1,"minecraft:smooth_quartz":6,"tombstone:grave_dust":4,"minecraft:cactus":2,"minecraft:string":3,"minecraft:smooth_sandstone":2,"minecraft:white_wool":2,"butchersdelight:cow_hide":1,"minecraft:bone":3,"minecraft:furnace":1,"hexerei:sage_seed":6,"minecraft:chiseled_quartz_block":2,"minecraft:raw_copper":3,"minecraft:bowl":1,"butchersdelight:deadsheep":2,"minecraft:raw_iron":48,"minecraft:rotten_flesh":35,"minecraft:iron_boots":1,"minecraft:light_gray_concrete":1,"minecraft:leather_chestplate":1,"minecraft:gunpowder":6,"minecraft:iron_chestplate":1,"minecraft:andesite":2,"soul_like_armors_reworked:dark_knight_helmet":1,"soul_like_armors_reworked:rustysteel_chestplate":1,"minecraft:spruce_slab":1,"minecraft:sandstone":4,"minecraft:stone_pickaxe":1,"iceandfire:deathworm_chitin_yellow":10,"farmersdelight:tomato":5,"epicfight:skillbook":1,"wom:diamond_crown":1},"minecraft:custom":{"minecraft:mob_kills":67,"minecraft:interact_with_crafting_table":14,"minecraft:open_barrel":4,"minecraft:interact_with_campfire":25,"minecraft:leave_game":5,"minecraft:time_since_death":177090,"minecraft:climb_one_cm":20956,"minecraft:sprint_one_cm":540236,"minecraft:walk_one_cm":1192236,"minecraft:drop":80,"minecraft:play_time":177090,"minecraft:sneak_time":4553,"minecraft:walk_under_water_one_cm":8139,"minecraft:boat_one_cm":219930,"minecraft:jump":2309,"minecraft:interact_with_brewingstand":1,"minecraft:interact_with_blast_furnace":23,"minecraft:walk_on_water_one_cm":28963,"minecraft:total_world_time":177090,"minecraft:interact_with_furnace":18,"minecraft:tune_noteblock":8,"minecraft:sleep_in_bed":4,"minecraft:time_since_rest":17382,"minecraft:damage_taken":2856,"minecraft:damage_absorbed":111,"minecraft:damage_dealt":12364,"minecraft:swim_one_cm":50461,"minecraft:fly_one_cm":446418,"minecraft:player_kills":1,"minecraft:open_chest":29,"minecraft:crouch_one_cm":27526,"tombstone:undead_killed":47,"minecraft:interact_with_smoker":11,"minecraft:fall_one_cm":41263,"minecraft:inspect_dispenser":3},"minecraft:killed":{"minecraft:spider":3,"alexsmobs:rattlesnake":2,"minecraft:skeleton":22,"minecraft:drowned":1,"iceandfire:deathworm":3,"iceandfire:myrmex_worker":2,"minecraft:husk":2,"alexsmobs:guster":4,"majruszsdifficulty:cursed_armor":1,"minecraft:creeper":4,"minecraft:sheep":2,"minecraft:zombie":22},"minecraft:used":{"minecraft:flint_and_steel":16,"soul_like_armors_reworked:estusflask":14,"butchersdelightfoods:cooked_leg_cow":2,"butchersdelightfoods:cookedbeefribs":3,"minecraft:torch":1,"wom:agony":148,"farmersdelight:tomato":1,"minecraft:iron_axe":18,"epicfight:stone_greatsword":96,"minecraft:smooth_basalt":1,"minecraft:bow":8,"minecraft:furnace":1,"tombstone:gift":2,"minecraft:cooked_beef":7,"minecraft:cobbled_deepslate":1,"epicfight:skillbook":2,"butchersdelightfoods:coockedbeeftenderloin":2,"minecraft:stone_pickaxe":264,"minecraft:baked_potato":4,"minecraft:cactus":1,"minecraft:sandstone":4,"butchersdelight:skullcow":1,"minecraft:sand":6,"minecraft:crafting_table":2,"minecraft:blast_furnace":1,"minecraft:crossbow":1,"minecraft:chiseled_quartz_block":4,"minecraft:bread":4,"minecraft:melon_slice":21,"minecraft:iron_pickaxe":48,"minecraft:suspicious_stew":1,"minecraft:gravel":19,"butchersdelightfoods:cookedsheeprack":2,"minecraft:cobblestone":134,"minecraft:sandstone_slab":1,"alexsmobs:animal_dictionary":1,"butchersdelightfoods:cooked_sheeploin":2}},"DataVersion":3120}