{"stats":{"minecraft:mined":{"minecraft:jungle_leaves":1,"minecraft:smooth_sandstone":2,"minecraft:crafting_table":1,"minecraft:acacia_log":1,"minecraft:copper_ore":2,"minecraft:cobblestone":3,"minecraft:sandstone":18,"minecraft:wall_torch":1,"minecraft:iron_ore":25,"minecraft:andesite":1,"minecraft:grass":9,"minecraft:coal_ore":39,"minecraft:gravel":19,"minecraft:dirt":2,"minecraft:stone":157,"minecraft:deepslate":1},"minecraft:crafted":{"minecraft:cooked_beef":2,"epicfight:stone_greatsword":1,"butchersdelightfoods:cooked_leg_cow":2,"minecraft:air":0,"minecraft:stone_pickaxe":3,"minecraft:acacia_planks":4},"minecraft:broken":{"minecraft:stone_pickaxe":2},"minecraft:dropped":{"farmersdelight:tomato_seeds":2,"minecraft:enchanted_book":1,"minecraft:iron_ingot":7,"minecraft:furnace":1,"hexerei:sage_seed":3,"minecraft:wheat_seeds":2,"minecraft:raw_iron":17,"minecraft:rotten_flesh":5,"minecraft:granite":1,"epicfight:stone_spear":1,"soul_like_armors_reworked:dark_knight_boots":1,"minecraft:coal":33,"minecraft:stick":1,"mca:book_romance":2,"minecraft:torch":2,"minecraft:cornflower":1,"minecraft:andesite":2,"soul_like_armors_reworked:dark_knight_helmet":1,"minecraft:sandstone":4,"minecraft:string":1,"butchersdelight:cow_hide":1,"minecraft:bone":3},"minecraft:killed":{"minecraft:spider":3,"majruszsdifficulty:cursed_armor":1,"minecraft:creeper":4,"minecraft:skeleton":7,"minecraft:sheep":2,"minecraft:zombie":11},"minecraft:used":{"epicfight:skillbook":1,"butchersdelightfoods:coockedbeeftenderloin":2,"minecraft:stone_pickaxe":263,"soul_like_armors_reworked:estusflask":5,"butchersdelightfoods:cooked_leg_cow":2,"butchersdelightfoods:cookedbeefribs":2,"minecraft:torch":1,"butchersdelight:skullcow":1,"farmersdelight:tomato":1,"minecraft:bread":3,"minecraft:melon_slice":21,"minecraft:gravel":19,"epicfight:stone_greatsword":66,"minecraft:smooth_basalt":1,"minecraft:cobblestone":125,"minecraft:furnace":1,"tombstone:gift":2,"alexsmobs:animal_dictionary":1,"minecraft:cooked_beef":1,"minecraft:cobbled_deepslate":1},"minecraft:picked_up":{"minecraft:crafting_table":1,"minecraft:leather_chestplate":1,"epicfight:stone_spear":2,"minecraft:andesite":2,"minecraft:flint":1,"minecraft:gunpowder":5,"minecraft:string":1,"mca:book_romance":1,"minecraft:cornflower":1,"farmersdelight:tomato":1,"soul_like_armors_reworked:rustysteel_chestplate":1,"minecraft:raw_copper":3,"minecraft:smooth_sandstone":2,"minecraft:bone":12,"butchersdelightfoods:cookedbeefribs":2,"minecraft:bow":1,"minecraft:wheat_seeds":2,"minecraft:cobbled_deepslate":1,"minecraft:iron_ingot":7,"soul_like_armors_reworked:dark_knight_helmet":2,"minecraft:melon_slice":21,"minecraft:furnace":2,"minecraft:stick":7,"minecraft:raw_iron":23,"minecraft:sandstone":8,"minecraft:smooth_basalt":1,"minecraft:torch":3,"minecraft:acacia_log":1,"epicfight:skillbook":1,"butchersdelight:skullcow":1,"minecraft:gravel":19,"butchersdelight:cow_hide":1,"farmersdelight:tomato_seeds":2,"soul_like_armors_reworked:dark_knight_leggings":1,"soul_like_armors_reworked:estusflask":6,"hexerei:sage_seed":3,"soul_like_armors_reworked:dark_knight_chestplate":1,"minecraft:arrow":7,"butchersdelight:deadsheep":2,"soul_like_armors_reworked:dark_knight_boots":2,"minecraft:rotten_flesh":10,"butchersdelightfoods:coockedbeeftenderloin":2,"minecraft:granite":1,"minecraft:coal":33,"minecraft:white_wool":2,"minecraft:cobblestone":164},"minecraft:custom":{"minecraft:interact_with_furnace":4,"minecraft:mob_kills":31,"minecraft:interact_with_crafting_table":5,"minecraft:leave_game":1,"minecraft:time_since_death":93816,"minecraft:climb_one_cm":2536,"minecraft:time_since_rest":93816,"minecraft:sprint_one_cm":303351,"minecraft:damage_taken":1188,"minecraft:walk_one_cm":600725,"minecraft:drop":33,"minecraft:damage_dealt":5266,"minecraft:swim_one_cm":30218,"minecraft:fly_one_cm":218252,"minecraft:open_chest":13,"minecraft:crouch_one_cm":18558,"minecraft:play_time":93816,"tombstone:undead_killed":18,"minecraft:sneak_time":2667,"minecraft:walk_under_water_one_cm":3752,"minecraft:jump":1410,"minecraft:walk_on_water_one_cm":16833,"minecraft:total_world_time":93816,"minecraft:interact_with_smoker":4,"minecraft:fall_one_cm":18698}},"DataVersion":3120}