{"stats":{"minecraft:used":{"epicfight:skillbook":1,"butchersdelightfoods:coockedbeeftenderloin":2,"minecraft:stone_pickaxe":264,"minecraft:sandstone":4,"soul_like_armors_reworked:estusflask":11,"butchersdelightfoods:cooked_leg_cow":2,"butchersdelightfoods:cookedbeefribs":2,"minecraft:torch":1,"butchersdelight:skullcow":1,"minecraft:sand":5,"minecraft:crafting_table":2,"minecraft:blast_furnace":1,"farmersdelight:tomato":1,"minecraft:iron_axe":1,"minecraft:bread":4,"minecraft:melon_slice":21,"minecraft:iron_pickaxe":26,"butchersdelightfoods:cookedsheeprack":1,"minecraft:gravel":19,"epicfight:stone_greatsword":78,"minecraft:smooth_basalt":1,"minecraft:cobblestone":133,"minecraft:bow":8,"minecraft:furnace":1,"minecraft:sandstone_slab":1,"tombstone:gift":2,"alexsmobs:animal_dictionary":1,"minecraft:cooked_beef":2,"minecraft:cobbled_deepslate":1},"minecraft:crafted":{"minecraft:cooked_beef":2,"minecraft:smooth_stone":3,"minecraft:blast_furnace":1,"minecraft:stone":3,"epicfight:stone_greatsword":1,"butchersdelightfoods:cooked_leg_cow":2,"minecraft:air":0,"minecraft:iron_boots":1,"minecraft:iron_axe":1,"soul_like_armors_reworked:dark_knight_boots":1,"minecraft:stick":4,"minecraft:iron_pickaxe":1,"epicfight:iron_greatsword":1,"minecraft:iron_ingot":59,"minecraft:stone_pickaxe":3,"soul_like_armors_reworked:dark_knight_helmet":1,"minecraft:acacia_planks":4},"minecraft:picked_up":{"epicfight:stone_spear":2,"minecraft:crafting_table":2,"minecraft:leather_chestplate":1,"minecraft:sandstone_slab":1,"minecraft:andesite":2,"minecraft:flint":1,"minecraft:gunpowder":5,"mca:book_romance":1,"soul_like_armors_reworked:rustysteel_chestplate":1,"minecraft:cornflower":1,"farmersdelight:tomato":1,"minecraft:string":1,"minecraft:raw_copper":3,"minecraft:smooth_sandstone":2,"minecraft:bone":12,"butchersdelightfoods:cookedbeefribs":3,"butchersdelightfoods:cookedsheeprack":2,"minecraft:bow":1,"minecraft:wheat_seeds":2,"minecraft:cobbled_deepslate":1,"minecraft:iron_ingot":40,"soul_like_armors_reworked:dark_knight_helmet":3,"tombstone:bag_of_seeds":1,"minecraft:melon_slice":21,"minecraft:furnace":3,"butchersdelightfoods:cooked_sheeploin":2,"minecraft:stick":7,"minecraft:raw_iron":143,"minecraft:smooth_basalt":1,"minecraft:sandstone":9,"minecraft:torch":3,"minecraft:acacia_log":1,"butchersdelight:skullcow":1,"minecraft:gravel":19,"butchersdelight:cow_hide":1,"epicfight:skillbook":1,"minecraft:sand":5,"farmersdelight:tomato_seeds":2,"soul_like_armors_reworked:dark_knight_leggings":1,"minecraft:blast_furnace":1,"hexerei:sage_seed":3,"soul_like_armors_reworked:estusflask":6,"soul_like_armors_reworked:dark_knight_chestplate":1,"minecraft:arrow":8,"butchersdelight:deadsheep":2,"alexsmobs:guster_eye":1,"soul_like_armors_reworked:dark_knight_boots":3,"minecraft:rotten_flesh":10,"butchersdelightfoods:coockedbeeftenderloin":2,"minecraft:granite":1,"minecraft:coal":74,"minecraft:white_wool":2,"minecraft:cobblestone":168},"minecraft:dropped":{"farmersdelight:tomato_seeds":2,"minecraft:enchanted_book":1,"minecraft:iron_ingot":82,"minecraft:furnace":1,"hexerei:sage_seed":3,"minecraft:wheat_seeds":2,"butchersdelight:deadsheep":2,"minecraft:raw_iron":48,"minecraft:rotten_flesh":5,"minecraft:iron_boots":1,"minecraft:granite":1,"epicfight:stone_spear":1,"soul_like_armors_reworked:dark_knight_boots":1,"minecraft:coal":58,"minecraft:stick":1,"minecraft:leather_chestplate":1,"mca:book_romance":2,"minecraft:torch":2,"minecraft:cornflower":1,"minecraft:iron_chestplate":1,"minecraft:andesite":2,"soul_like_armors_reworked:dark_knight_helmet":1,"minecraft:sandstone":4,"minecraft:stone_pickaxe":1,"minecraft:string":1,"wom:diamond_crown":1,"butchersdelight:cow_hide":1,"minecraft:bone":3},"minecraft:broken":{"minecraft:stone_pickaxe":2},"minecraft:mined":{"minecraft:jungle_leaves":1,"minecraft:smooth_sandstone":2,"minecraft:crafting_table":2,"minecraft:blast_furnace":1,"minecraft:acacia_log":1,"minecraft:copper_ore":2,"minecraft:cobblestone":3,"minecraft:sandstone":19,"minecraft:wall_torch":1,"minecraft:furnace":1,"minecraft:iron_ore":25,"minecraft:andesite":1,"minecraft:grass":9,"minecraft:coal_ore":60,"minecraft:gravel":19,"minecraft:dirt":2,"minecraft:stone":160,"minecraft:deepslate":1},"minecraft:custom":{"minecraft:interact_with_furnace":15,"minecraft:mob_kills":37,"minecraft:interact_with_crafting_table":13,"minecraft:leave_game":4,"minecraft:time_since_death":128463,"minecraft:climb_one_cm":4194,"minecraft:time_since_rest":128463,"minecraft:sprint_one_cm":344392,"minecraft:damage_taken":1772,"minecraft:walk_one_cm":775681,"minecraft:drop":44,"minecraft:damage_dealt":6332,"minecraft:swim_one_cm":46682,"minecraft:fly_one_cm":298737,"minecraft:player_kills":1,"minecraft:open_chest":13,"minecraft:crouch_one_cm":23922,"minecraft:play_time":128463,"minecraft:sneak_time":3935,"tombstone:undead_killed":20,"minecraft:walk_under_water_one_cm":7612,"minecraft:jump":1750,"minecraft:interact_with_blast_furnace":23,"minecraft:walk_on_water_one_cm":21570,"minecraft:total_world_time":128463,"minecraft:interact_with_smoker":8,"minecraft:fall_one_cm":32694},"minecraft:killed":{"minecraft:husk":1,"alexsmobs:guster":4,"minecraft:spider":3,"majruszsdifficulty:cursed_armor":1,"minecraft:creeper":4,"minecraft:sheep":2,"minecraft:skeleton":7,"minecraft:zombie":11,"minecraft:drowned":1}},"DataVersion":3120}