{"stats":{"minecraft:mined":{"minecraft:grass":4,"minecraft:jungle_leaves":1},"minecraft:used":{"minecraft:melon_slice":11,"alexsmobs:animal_dictionary":1},"minecraft:picked_up":{"hexerei:sage_seed":2,"minecraft:rotten_flesh":2,"minecraft:wheat_seeds":2,"minecraft:melon_slice":11},"minecraft:custom":{"minecraft:time_since_rest":21816,"minecraft:crouch_one_cm":1827,"minecraft:sprint_one_cm":68809,"minecraft:play_time":21816,"minecraft:damage_taken":155,"minecraft:walk_one_cm":80519,"minecraft:sneak_time":232,"minecraft:walk_under_water_one_cm":591,"minecraft:jump":271,"minecraft:leave_game":1,"minecraft:time_since_death":21816,"minecraft:walk_on_water_one_cm":3214,"minecraft:total_world_time":21816,"minecraft:climb_one_cm":2536,"minecraft:swim_one_cm":23056,"minecraft:fall_one_cm":3292,"minecraft:fly_one_cm":70492}},"DataVersion":3120}