{"stats":{"minecraft:used":{"epicfight:skillbook":1,"butchersdelightfoods:coockedbeeftenderloin":2,"minecraft:stone_pickaxe":264,"minecraft:sandstone":4,"soul_like_armors_reworked:estusflask":11,"butchersdelightfoods:cooked_leg_cow":2,"butchersdelightfoods:cookedbeefribs":2,"minecraft:torch":1,"butchersdelight:skullcow":1,"minecraft:sand":5,"minecraft:crafting_table":1,"minecraft:blast_furnace":1,"farmersdelight:tomato":1,"minecraft:bread":4,"minecraft:melon_slice":21,"minecraft:gravel":19,"epicfight:stone_greatsword":76,"minecraft:smooth_basalt":1,"minecraft:cobblestone":133,"minecraft:bow":2,"minecraft:furnace":1,"tombstone:gift":2,"alexsmobs:animal_dictionary":1,"minecraft:cooked_beef":2,"minecraft:cobbled_deepslate":1},"minecraft:crafted":{"minecraft:cooked_beef":2,"minecraft:smooth_stone":3,"minecraft:blast_furnace":1,"minecraft:stone":3,"epicfight:stone_greatsword":1,"butchersdelightfoods:cooked_leg_cow":2,"minecraft:air":0,"minecraft:iron_ingot":53,"minecraft:stone_pickaxe":3,"minecraft:acacia_planks":4},"minecraft:picked_up":{"epicfight:stone_spear":2,"minecraft:crafting_table":1,"minecraft:leather_chestplate":1,"minecraft:andesite":2,"minecraft:flint":1,"minecraft:gunpowder":5,"mca:book_romance":1,"soul_like_armors_reworked:rustysteel_chestplate":1,"minecraft:cornflower":1,"farmersdelight:tomato":1,"minecraft:string":1,"minecraft:raw_copper":3,"minecraft:smooth_sandstone":2,"minecraft:bone":12,"butchersdelightfoods:cookedbeefribs":2,"minecraft:bow":1,"minecraft:wheat_seeds":2,"minecraft:cobbled_deepslate":1,"minecraft:iron_ingot":12,"soul_like_armors_reworked:dark_knight_helmet":2,"minecraft:melon_slice":21,"minecraft:furnace":3,"minecraft:stick":7,"minecraft:raw_iron":112,"minecraft:smooth_basalt":1,"minecraft:sandstone":8,"minecraft:torch":3,"minecraft:acacia_log":1,"butchersdelight:skullcow":1,"minecraft:gravel":19,"butchersdelight:cow_hide":1,"epicfight:skillbook":1,"minecraft:sand":5,"farmersdelight:tomato_seeds":2,"soul_like_armors_reworked:dark_knight_leggings":1,"hexerei:sage_seed":3,"soul_like_armors_reworked:estusflask":6,"soul_like_armors_reworked:dark_knight_chestplate":1,"minecraft:arrow":8,"butchersdelight:deadsheep":2,"alexsmobs:guster_eye":1,"soul_like_armors_reworked:dark_knight_boots":2,"minecraft:rotten_flesh":10,"butchersdelightfoods:coockedbeeftenderloin":2,"minecraft:granite":1,"minecraft:coal":49,"minecraft:white_wool":2,"minecraft:cobblestone":164},"minecraft:dropped":{"farmersdelight:tomato_seeds":2,"minecraft:enchanted_book":1,"minecraft:iron_ingot":10,"minecraft:furnace":1,"hexerei:sage_seed":3,"minecraft:wheat_seeds":2,"butchersdelight:deadsheep":2,"minecraft:raw_iron":17,"minecraft:rotten_flesh":5,"minecraft:granite":1,"epicfight:stone_spear":1,"soul_like_armors_reworked:dark_knight_boots":1,"minecraft:coal":33,"minecraft:stick":1,"minecraft:leather_chestplate":1,"mca:book_romance":2,"minecraft:torch":2,"minecraft:cornflower":1,"minecraft:iron_chestplate":1,"minecraft:andesite":2,"soul_like_armors_reworked:dark_knight_helmet":1,"minecraft:sandstone":4,"minecraft:stone_pickaxe":1,"minecraft:string":1,"wom:diamond_crown":1,"butchersdelight:cow_hide":1,"minecraft:bone":3},"minecraft:broken":{"minecraft:stone_pickaxe":2},"minecraft:mined":{"minecraft:jungle_leaves":1,"minecraft:smooth_sandstone":2,"minecraft:crafting_table":1,"minecraft:acacia_log":1,"minecraft:copper_ore":2,"minecraft:cobblestone":3,"minecraft:sandstone":18,"minecraft:wall_torch":1,"minecraft:furnace":1,"minecraft:iron_ore":25,"minecraft:andesite":1,"minecraft:grass":9,"minecraft:coal_ore":39,"minecraft:gravel":19,"minecraft:dirt":2,"minecraft:stone":157,"minecraft:deepslate":1},"minecraft:custom":{"minecraft:interact_with_furnace":14,"minecraft:mob_kills":35,"minecraft:interact_with_crafting_table":9,"minecraft:leave_game":4,"minecraft:time_since_death":116719,"minecraft:climb_one_cm":4194,"minecraft:time_since_rest":116719,"minecraft:sprint_one_cm":326768,"minecraft:damage_taken":1742,"minecraft:walk_one_cm":706567,"minecraft:drop":39,"minecraft:damage_dealt":6201,"minecraft:swim_one_cm":32107,"minecraft:fly_one_cm":275146,"minecraft:player_kills":1,"minecraft:open_chest":13,"minecraft:crouch_one_cm":20806,"minecraft:play_time":116719,"minecraft:sneak_time":3138,"tombstone:undead_killed":18,"minecraft:walk_under_water_one_cm":3858,"minecraft:jump":1594,"minecraft:interact_with_blast_furnace":18,"minecraft:walk_on_water_one_cm":17173,"minecraft:total_world_time":116719,"minecraft:interact_with_smoker":5,"minecraft:fall_one_cm":28485},"minecraft:killed":{"alexsmobs:guster":4,"minecraft:spider":3,"majruszsdifficulty:cursed_armor":1,"minecraft:creeper":4,"minecraft:sheep":2,"minecraft:skeleton":7,"minecraft:zombie":11}},"DataVersion":3120}