{"stats":{"minecraft:mined":{"minecraft:jungle_leaves":1,"minecraft:acacia_log":1,"minecraft:copper_ore":2,"minecraft:cobblestone":2,"minecraft:wall_torch":1,"minecraft:iron_ore":7,"minecraft:grass":9,"minecraft:coal_ore":3,"minecraft:gravel":14,"minecraft:stone":18},"minecraft:crafted":{"minecraft:cooked_beef":2,"epicfight:stone_greatsword":1,"butchersdelightfoods:cooked_leg_cow":2,"minecraft:air":0,"minecraft:stone_pickaxe":1,"minecraft:acacia_planks":4},"minecraft:dropped":{"minecraft:iron_ingot":7,"minecraft:furnace":1,"minecraft:raw_iron":2,"minecraft:rotten_flesh":5,"epicfight:stone_spear":1,"minecraft:stick":1,"minecraft:cornflower":1},"minecraft:killed":{"minecraft:spider":2,"minecraft:skeleton":2,"minecraft:sheep":2,"minecraft:zombie":4},"minecraft:used":{"minecraft:stone_pickaxe":45,"soul_like_armors_reworked:estusflask":5,"butchersdelightfoods:cooked_leg_cow":2,"minecraft:torch":1,"butchersdelight:skullcow":1,"minecraft:melon_slice":21,"minecraft:gravel":14,"epicfight:stone_greatsword":23,"minecraft:cobblestone":11,"minecraft:furnace":1,"alexsmobs:animal_dictionary":1},"minecraft:picked_up":{"epicfight:stone_spear":2,"minecraft:andesite":1,"minecraft:flint":1,"minecraft:string":1,"mca:book_romance":1,"minecraft:cornflower":1,"farmersdelight:tomato":1,"soul_like_armors_reworked:rustysteel_chestplate":1,"minecraft:raw_copper":3,"minecraft:bone":1,"butchersdelightfoods:cookedbeefribs":2,"minecraft:bow":1,"minecraft:wheat_seeds":2,"minecraft:iron_ingot":7,"soul_like_armors_reworked:dark_knight_helmet":1,"minecraft:melon_slice":21,"minecraft:furnace":2,"minecraft:stick":7,"minecraft:raw_iron":8,"minecraft:torch":1,"minecraft:acacia_log":1,"butchersdelight:skullcow":1,"minecraft:gravel":14,"butchersdelight:cow_hide":1,"farmersdelight:tomato_seeds":2,"soul_like_armors_reworked:estusflask":2,"hexerei:sage_seed":3,"minecraft:arrow":2,"butchersdelight:deadsheep":2,"soul_like_armors_reworked:dark_knight_boots":1,"minecraft:rotten_flesh":6,"butchersdelightfoods:coockedbeeftenderloin":2,"minecraft:granite":1,"minecraft:white_wool":2,"minecraft:cobblestone":22},"minecraft:custom":{"minecraft:interact_with_furnace":4,"minecraft:mob_kills":10,"minecraft:interact_with_crafting_table":3,"minecraft:leave_game":1,"minecraft:time_since_death":57816,"minecraft:climb_one_cm":2536,"minecraft:time_since_rest":57816,"minecraft:sprint_one_cm":212394,"minecraft:damage_taken":496,"minecraft:walk_one_cm":296167,"minecraft:drop":14,"minecraft:damage_dealt":1350,"minecraft:swim_one_cm":30218,"minecraft:fly_one_cm":129470,"minecraft:open_chest":4,"minecraft:crouch_one_cm":10565,"minecraft:play_time":57816,"tombstone:undead_killed":6,"minecraft:sneak_time":1253,"minecraft:walk_under_water_one_cm":3752,"minecraft:jump":726,"minecraft:walk_on_water_one_cm":15491,"minecraft:total_world_time":57816,"minecraft:interact_with_smoker":4,"minecraft:fall_one_cm":11047}},"DataVersion":3120}