{"stats":{"minecraft:used":{"soul_like_armors_reworked:estusflask":11,"butchersdelightfoods:cooked_leg_cow":2,"butchersdelightfoods:cookedbeefribs":2,"minecraft:torch":1,"farmersdelight:tomato":1,"minecraft:iron_axe":12,"epicfight:stone_greatsword":89,"minecraft:smooth_basalt":1,"minecraft:bow":8,"minecraft:furnace":1,"tombstone:gift":2,"minecraft:cooked_beef":2,"minecraft:cobbled_deepslate":1,"epicfight:skillbook":1,"butchersdelightfoods:coockedbeeftenderloin":2,"minecraft:stone_pickaxe":264,"minecraft:sandstone":4,"butchersdelight:skullcow":1,"minecraft:sand":5,"minecraft:crafting_table":2,"minecraft:blast_furnace":1,"minecraft:melon_slice":21,"minecraft:bread":4,"minecraft:iron_pickaxe":26,"minecraft:gravel":19,"butchersdelightfoods:cookedsheeprack":2,"minecraft:cobblestone":133,"minecraft:sandstone_slab":1,"alexsmobs:animal_dictionary":1,"butchersdelightfoods:cooked_sheeploin":2},"minecraft:crafted":{"minecraft:smooth_stone":3,"minecraft:blast_furnace":1,"minecraft:stone":3,"butchersdelightfoods:cooked_leg_cow":2,"minecraft:iron_boots":1,"minecraft:iron_axe":1,"minecraft:stone_pickaxe":3,"epicfight:iron_greatsword":1,"soul_like_armors_reworked:dark_knight_helmet":1,"minecraft:cooked_beef":2,"epicfight:stone_greatsword":1,"minecraft:air":0,"soul_like_armors_reworked:dark_knight_boots":1,"minecraft:stick":4,"minecraft:iron_ingot":59,"minecraft:iron_pickaxe":1,"minecraft:acacia_planks":4},"minecraft:picked_up":{"minecraft:crafting_table":2,"minecraft:sandstone_slab":1,"minecraft:cornflower":1,"minecraft:string":3,"soul_like_armors_reworked:rustysteel_chestplate":1,"minecraft:raw_copper":3,"minecraft:cobbled_deepslate":1,"minecraft:melon_slice":37,"minecraft:furnace":3,"butchersdelightfoods:cooked_sheeploin":2,"minecraft:stick":10,"minecraft:raw_iron":143,"minecraft:sandstone":9,"minecraft:torch":3,"minecraft:acacia_log":1,"epicfight:skillbook":1,"farmersdelight:tomato_seeds":25,"iceandfire:deathworm_egg_giant":1,"soul_like_armors_reworked:estusflask":6,"hexerei:sage_seed":3,"minecraft:cactus":2,"butchersdelight:deadsheep":2,"minecraft:arrow":8,"minecraft:rotten_flesh":20,"butchersdelightfoods:coockedbeeftenderloin":2,"iceandfire:deathworm_chitin_yellow":5,"minecraft:white_wool":2,"minecraft:cobblestone":168,"minecraft:leather_chestplate":1,"epicfight:stone_spear":2,"minecraft:jungle_boat":1,"minecraft:andesite":2,"minecraft:flint":1,"minecraft:gunpowder":5,"mca:book_romance":1,"farmersdelight:tomato":6,"minecraft:smooth_sandstone":2,"minecraft:bone":12,"butchersdelightfoods:cookedbeefribs":3,"butchersdelightfoods:cookedsheeprack":2,"minecraft:bow":1,"minecraft:wheat_seeds":5,"minecraft:iron_ingot":40,"soul_like_armors_reworked:dark_knight_helmet":3,"tombstone:bag_of_seeds":1,"minecraft:smooth_basalt":1,"butchersdelight:cow_hide":1,"minecraft:gravel":19,"butchersdelight:skullcow":1,"minecraft:sand":5,"soul_like_armors_reworked:dark_knight_leggings":1,"minecraft:blast_furnace":1,"soul_like_armors_reworked:dark_knight_boots":3,"alexsmobs:guster_eye":1,"soul_like_armors_reworked:dark_knight_chestplate":1,"alexsmobs:rattlesnake_rattle":2,"minecraft:granite":1,"minecraft:coal":74},"minecraft:dropped":{"farmersdelight:tomato_seeds":2,"minecraft:enchanted_book":1,"minecraft:iron_ingot":82,"minecraft:wheat_seeds":5,"minecraft:granite":1,"epicfight:stone_spear":1,"soul_like_armors_reworked:dark_knight_boots":1,"minecraft:coal":58,"minecraft:stick":1,"tombstone:bag_of_seeds":1,"mca:book_romance":2,"minecraft:torch":2,"minecraft:cornflower":1,"minecraft:cactus":2,"minecraft:string":1,"butchersdelight:cow_hide":1,"minecraft:bone":3,"minecraft:furnace":1,"hexerei:sage_seed":3,"butchersdelight:deadsheep":2,"minecraft:raw_iron":48,"minecraft:rotten_flesh":5,"minecraft:iron_boots":1,"minecraft:leather_chestplate":1,"minecraft:iron_chestplate":1,"minecraft:andesite":2,"soul_like_armors_reworked:dark_knight_helmet":1,"minecraft:sandstone":4,"minecraft:stone_pickaxe":1,"farmersdelight:tomato":5,"wom:diamond_crown":1},"minecraft:broken":{"minecraft:stone_pickaxe":2},"minecraft:mined":{"minecraft:jungle_leaves":1,"minecraft:acacia_log":1,"minecraft:sandstone":19,"minecraft:furnace":1,"minecraft:iron_ore":25,"minecraft:andesite":1,"minecraft:stone":160,"minecraft:smooth_sandstone":2,"minecraft:crafting_table":2,"minecraft:blast_furnace":1,"minecraft:melon":6,"minecraft:dead_bush":2,"minecraft:tall_grass":1,"minecraft:copper_ore":2,"minecraft:cobblestone":3,"farmersdelight:wild_tomatoes":19,"minecraft:wall_torch":1,"minecraft:wheat":2,"minecraft:grass":10,"minecraft:coal_ore":60,"minecraft:gravel":19,"minecraft:dirt":2,"minecraft:deepslate":1,"minecraft:fern":1},"minecraft:custom":{"minecraft:mob_kills":43,"minecraft:interact_with_crafting_table":13,"minecraft:open_barrel":2,"minecraft:leave_game":4,"minecraft:time_since_death":152463,"minecraft:climb_one_cm":4194,"minecraft:sprint_one_cm":469071,"minecraft:walk_one_cm":949568,"minecraft:drop":49,"minecraft:play_time":152463,"minecraft:sneak_time":4007,"minecraft:walk_under_water_one_cm":8139,"minecraft:boat_one_cm":219930,"minecraft:interact_with_brewingstand":1,"minecraft:jump":2048,"minecraft:interact_with_blast_furnace":23,"minecraft:walk_on_water_one_cm":28963,"minecraft:total_world_time":152463,"minecraft:interact_with_furnace":15,"minecraft:sleep_in_bed":3,"minecraft:time_since_rest":8256,"minecraft:damage_taken":1914,"minecraft:damage_dealt":6837,"minecraft:player_kills":1,"minecraft:swim_one_cm":50461,"minecraft:fly_one_cm":388864,"minecraft:open_chest":18,"minecraft:crouch_one_cm":24510,"tombstone:undead_killed":20,"minecraft:interact_with_smoker":8,"minecraft:fall_one_cm":37737},"minecraft:killed":{"minecraft:spider":3,"alexsmobs:rattlesnake":2,"minecraft:skeleton":7,"minecraft:drowned":1,"iceandfire:deathworm":3,"minecraft:husk":1,"alexsmobs:guster":4,"majruszsdifficulty:cursed_armor":1,"minecraft:creeper":4,"minecraft:sheep":2,"minecraft:zombie":11}},"DataVersion":3120}