{"stats":{"minecraft:picked_up":{"minecraft:crafting_table":6,"minecraft:wheat":7,"minecraft:flower_pot":1,"minecraft:cooked_rabbit":2,"butchersdelightfoods:cooked_ham":1,"minecraft:brewing_stand":1,"farmersdelight:cutting_board":2,"minecraft:iron_leggings":1,"minecraft:white_carpet":3,"minecraft:blackstone":1,"butchersdelightfoods:cookedporkribs":1,"butchersdelight:deadrabbitbrown":4,"minecraft:deepslate_tiles":1,"iceandfire:frost_lily":1,"farmersdelight:straw":4,"minecraft:light_gray_wool":1,"minecraft:melon_slice":82,"butchersdelightfoods:porkribs":4,"minecraft:furnace":2,"minecraft:egg":2,"antiqueatlas:empty_antique_atlas":1,"minecraft:stick":5,"minecraft:raw_iron":9,"minecraft:porkchop":9,"minecraft:carrot":22,"minecraft:rabbit_foot":2,"hexerei:sage_seed":1,"minecraft:arrow":2,"minecraft:cactus":1,"butchersdelight:deadsheep":4,"minecraft:rotten_flesh":6,"butchersdelightfoods:ham":2,"minecraft:iron_bars":3,"minecraft:cod":1,"minecraft:snowball":11,"minecraft:white_wool":4,"minecraft:cobblestone":54,"farmersdelight:smoked_ham":1,"butchersdelight:deadpig":2,"farmersdelight:cooked_bacon":1,"minecraft:gunpowder":2,"minecraft:dirt":6,"farmersdelight:flint_knife":1,"minecraft:blue_bed":5,"tombstone:gift":2,"butchersdelight:deadchiken":2,"minecraft:cooked_mutton":1,"minecraft:bone":9,"minecraft:kelp":7,"minecraft:wheat_seeds":25,"farmersdelight:pumpkin_slice":125,"minecraft:rabbit_hide":1,"minecraft:stone_pickaxe":2,"minecraft:iron_ingot":1,"spartanshields:wooden_basic_shield":1,"minecraft:rabbit":2,"minecraft:iron_sword":1,"minecraft:cooked_porkchop":4,"minecraft:pumpkin":39,"minecraft:sweet_berries":3,"butchersdelightfoods:porkloin":4,"minecraft:spruce_sapling":17,"minecraft:blast_furnace":2,"minecraft:spruce_log":64,"farmersdelight:ham":6,"minecraft:bundle":1,"minecraft:diamond":2,"minecraft:spruce_boat":2,"minecraft:gray_wool":2,"minecraft:bread":7,"minecraft:jack_o_lantern":1,"butchersdelight:hook":1,"minecraft:coal":99},"minecraft:broken":{"minecraft:wooden_axe":1},"minecraft:dropped":{"minecraft:iron_ingot":2,"minecraft:iron_sword":1,"minecraft:wheat_seeds":25,"farmersdelight:pumpkin_slice":35,"minecraft:diamond":2,"minecraft:crafting_table":1,"minecraft:cooked_porkchop":5,"minecraft:cobblestone":20,"minecraft:coal":13,"minecraft:cod":8,"minecraft:gray_wool":1,"butchersdelightfoods:cookedporkloin":2,"minecraft:rabbit":1,"minecraft:jack_o_lantern":1,"minecraft:iron_leggings":1,"minecraft:gold_nugget":7,"minecraft:pumpkin_pie":1,"minecraft:pumpkin":24,"minecraft:iron_pickaxe":1,"minecraft:paper":4,"minecraft:white_wool":2,"minecraft:bone":9,"butchersdelight:deadchiken":1,"minecraft:kelp":7,"minecraft:blackstone":1,"hexerei:sage_seed":1,"butchersdelight:deadsheep":4,"minecraft:wheat":2,"butchersdelightfoods:porkribs":2,"tombstone:gift":2,"minecraft:rotten_flesh":6,"farmersdelight:straw":4,"minecraft:cooked_mutton":1,"minecraft:salmon":2,"minecraft:rabbit_foot":2,"farmersdelight:cutting_board":1,"butchersdelightfoods:cookedporkribs":1,"minecraft:deepslate_tiles":1,"butchersdelight:deadrabbitbrown":3,"iceandfire:frost_lily":1,"minecraft:stone_pickaxe":2,"farmersdelight:ham":4},"minecraft:crafted":{"minecraft:cooked_mutton":6,"butchersdelightfoods:cookedporkribs":2,"minecraft:stone_pickaxe":1,"minecraft:cooked_rabbit":4,"minecraft:cooked_beef":1,"minecraft:cooked_porkchop":8,"minecraft:crafting_table":2,"minecraft:spruce_planks":24,"minecraft:wooden_pickaxe":1,"minecraft:baked_potato":8,"spartanshields:stone_basic_shield":1,"farmersdelight:smoked_ham":3,"minecraft:stone_axe":1,"minecraft:bread":7,"minecraft:air":0,"minecraft:shield":1,"minecraft:stick":8,"minecraft:iron_ingot":8,"minecraft:iron_pickaxe":2,"minecraft:wooden_axe":1,"minecraft:stone_sword":1,"farmersdelight:cooked_bacon":6,"butchersdelightfoods:cookedporkloin":4},"minecraft:used":{"minecraft:iron_bars":1,"minecraft:stone_sword":67,"minecraft:shield":2,"butchersdelight:hook":1,"minecraft:iron_sword":19,"minecraft:snowball":11,"minecraft:spruce_boat":2,"minecraft:wooden_axe":68,"minecraft:sweet_berries":31,"minecraft:furnace":1,"minecraft:cooked_beef":3,"minecraft:pumpkin":1,"butchersdelightfoods:cookedporkribs":1,"farmersdelight:iron_knife":46,"spartanshields:wooden_basic_shield":4,"minecraft:stone_pickaxe":115,"minecraft:wooden_pickaxe":3,"minecraft:blue_bed":4,"farmersdelight:pumpkin_slice":14,"minecraft:crafting_table":5,"spartanweaponry:iron_battleaxe":38,"spartanshields:stone_basic_shield":10,"minecraft:bread":2,"minecraft:iron_pickaxe":119,"minecraft:stone_axe":5,"minecraft:cobblestone":11,"minecraft:cooked_porkchop":1,"minecraft:cooked_rabbit":4,"minecraft:pumpkin_pie":1},"minecraft:mined":{"minecraft:deepslate_tiles":1,"farmersdelight:wild_carrots":22,"minecraft:jack_o_lantern":1,"minecraft:potted_cactus":1,"minecraft:brewing_stand":1,"minecraft:grass_block":2,"minecraft:spruce_leaves":3,"minecraft:large_fern":19,"minecraft:furnace":2,"minecraft:iron_ore":9,"minecraft:pumpkin":40,"minecraft:peony":1,"minecraft:iron_bars":4,"iceandfire:frost_lily":1,"minecraft:stone":42,"butchersdelight:deadrabbitblock":1,"minecraft:blackstone":1,"minecraft:crafting_table":6,"minecraft:blast_furnace":2,"minecraft:melon":18,"minecraft:tall_grass":2,"minecraft:cobblestone":4,"minecraft:blue_bed":5,"minecraft:wheat":8,"minecraft:sweet_berry_bush":1,"minecraft:white_carpet":3,"minecraft:spruce_log":63,"minecraft:birch_leaves":1,"minecraft:grass":18,"butchersdelight:hook":1,"minecraft:coal_ore":100,"minecraft:sand":1,"minecraft:dirt":5,"minecraft:fern":20},"minecraft:killed":{"alexsmobs:seagull":1,"minecraft:skeleton":2,"minecraft:drowned":5,"alexsmobs:tusklin":1,"minecraft:sheep":4,"minecraft:pillager":2,"minecraft:zombie":6,"minecraft:villager":1},"minecraft:custom":{"minecraft:interact_with_smithing_table":1,"minecraft:mob_kills":18,"minecraft:interact_with_crafting_table":36,"minecraft:open_barrel":18,"minecraft:leave_game":4,"minecraft:time_since_death":124360,"minecraft:climb_one_cm":4087,"minecraft:sprint_one_cm":200457,"minecraft:walk_one_cm":336968,"minecraft:damage_blocked_by_shield":920,"minecraft:drop":68,"minecraft:talked_to_villager":39,"minecraft:play_time":124360,"minecraft:sneak_time":3396,"minecraft:walk_under_water_one_cm":18052,"minecraft:boat_one_cm":143174,"minecraft:interact_with_brewingstand":1,"minecraft:jump":1872,"minecraft:interact_with_blast_furnace":2,"minecraft:walk_on_water_one_cm":22572,"minecraft:total_world_time":124360,"minecraft:interact_with_furnace":29,"spartanshields:shield_bash_hits":7,"tombstone:raider_killed":2,"minecraft:interact_with_cartography_table":1,"minecraft:sleep_in_bed":4,"minecraft:time_since_rest":23737,"minecraft:damage_taken":1017,"minecraft:damage_dealt":3977,"minecraft:swim_one_cm":32143,"minecraft:fly_one_cm":374362,"minecraft:open_chest":70,"minecraft:crouch_one_cm":10881,"tombstone:undead_killed":13,"tombstone:villager_killed":1,"minecraft:interact_with_smoker":18,"minecraft:fall_one_cm":32214}},"DataVersion":2975}