{"stats":{"minecraft:broken":{"minecraft:stone_pickaxe":2},"minecraft:crafted":{"minecraft:smooth_stone":3,"minecraft:blast_furnace":1,"minecraft:stone":3,"butchersdelightfoods:cooked_leg_cow":2,"minecraft:flint_and_steel":1,"minecraft:iron_boots":1,"minecraft:iron_axe":1,"minecraft:stone_pickaxe":3,"epicfight:iron_greatsword":1,"soul_like_armors_reworked:dark_knight_helmet":1,"minecraft:cooked_beef":2,"epicfight:stone_greatsword":1,"soul_like_armors_reworked:rustyshield":1,"minecraft:air":0,"soul_like_armors_reworked:dark_knight_boots":1,"minecraft:stick":4,"minecraft:iron_ingot":59,"minecraft:iron_pickaxe":1,"minecraft:acacia_planks":4},"minecraft:picked_up":{"minecraft:charcoal":10,"minecraft:crafting_table":2,"minecraft:sandstone_slab":1,"minecraft:enchanted_book":1,"minecraft:cornflower":1,"minecraft:string":3,"soul_like_armors_reworked:rustysteel_chestplate":1,"minecraft:raw_copper":3,"minecraft:cobbled_deepslate":1,"minecraft:smooth_quartz":6,"minecraft:spruce_slab":1,"minecraft:melon_slice":37,"minecraft:coal_block":18,"minecraft:furnace":3,"butchersdelightfoods:cooked_sheeploin":2,"minecraft:tipped_arrow":1,"minecraft:stick":12,"minecraft:raw_iron":143,"minecraft:sandstone":9,"minecraft:torch":3,"minecraft:acacia_log":1,"epicfight:skillbook":6,"farmersdelight:tomato_seeds":25,"tombstone:grave_dust":8,"iceandfire:deathworm_egg_giant":1,"hexerei:sage_seed":6,"soul_like_armors_reworked:estusflask":22,"minecraft:arrow":29,"minecraft:cactus":3,"butchersdelight:deadsheep":2,"minecraft:rotten_flesh":66,"butchersdelightfoods:coockedbeeftenderloin":2,"iceandfire:deathworm_chitin_yellow":10,"majruszsdifficulty:soul_jar":3,"minecraft:white_wool":2,"minecraft:cobblestone":169,"minecraft:leather_chestplate":1,"epicfight:stone_spear":2,"minecraft:jungle_boat":1,"minecraft:cooked_beef":5,"minecraft:andesite":2,"minecraft:chiseled_quartz_block":8,"majruszsdifficulty:cloth":15,"minecraft:flint":1,"minecraft:gunpowder":9,"mca:book_romance":1,"minecraft:gray_concrete":2,"farmersdelight:tomato":6,"minecraft:bone":32,"minecraft:smooth_sandstone":2,"soul_like_armors_reworked:rustyshield":4,"butchersdelightfoods:cookedbeefribs":3,"butchersdelightfoods:cookedsheeprack":2,"minecraft:bow":3,"minecraft:wheat_seeds":5,"minecraft:iron_ingot":41,"soul_like_armors_reworked:dark_knight_helmet":3,"tombstone:bag_of_seeds":3,"minecraft:smooth_basalt":1,"minecraft:cooked_porkchop":28,"butchersdelight:skullcow":1,"minecraft:gravel":19,"butchersdelight:cow_hide":1,"minecraft:sand":6,"soul_like_armors_reworked:dark_knight_leggings":1,"minecraft:blast_furnace":1,"minecraft:light_gray_concrete":2,"alexsmobs:guster_eye":2,"soul_like_armors_reworked:dark_knight_boots":3,"soul_like_armors_reworked:dark_knight_chestplate":1,"alexsmobs:rattlesnake_rattle":2,"minecraft:granite":1,"minecraft:baked_potato":16,"minecraft:coal":74},"minecraft:mined":{"minecraft:jungle_leaves":1,"minecraft:acacia_log":1,"minecraft:coal_block":4,"minecraft:sandstone":19,"minecraft:spawner":1,"minecraft:furnace":1,"minecraft:iron_ore":25,"minecraft:andesite":1,"minecraft:light_gray_concrete":1,"minecraft:stone":160,"minecraft:spruce_slab":1,"minecraft:chiseled_quartz_block":7,"minecraft:smooth_sandstone":2,"minecraft:crafting_table":2,"minecraft:blast_furnace":1,"minecraft:melon":6,"minecraft:dead_bush":2,"minecraft:campfire":5,"minecraft:tall_grass":1,"minecraft:copper_ore":2,"minecraft:cobblestone":4,"farmersdelight:wild_tomatoes":19,"minecraft:wall_torch":1,"minecraft:cactus":1,"minecraft:wheat":2,"minecraft:grass":10,"minecraft:coal_ore":60,"minecraft:dirt":2,"minecraft:gravel":19,"minecraft:smooth_quartz":7,"minecraft:sandstone_wall":1,"minecraft:deepslate":1,"minecraft:fern":1},"minecraft:dropped":{"farmersdelight:tomato_seeds":2,"minecraft:enchanted_book":1,"minecraft:iron_ingot":82,"minecraft:wheat_seeds":5,"majruszsdifficulty:soul_jar":2,"alexsmobs:rattlesnake_rattle":2,"minecraft:granite":1,"epicfight:stone_spear":1,"soul_like_armors_reworked:dark_knight_boots":1,"minecraft:coal":58,"minecraft:stick":1,"tombstone:bag_of_seeds":3,"minecraft:gray_concrete":2,"mca:book_romance":2,"minecraft:torch":2,"minecraft:cornflower":1,"minecraft:smooth_quartz":6,"tombstone:grave_dust":8,"minecraft:cactus":2,"minecraft:string":3,"minecraft:smooth_sandstone":2,"minecraft:white_wool":2,"butchersdelight:cow_hide":1,"minecraft:bone":3,"minecraft:furnace":1,"hexerei:sage_seed":6,"minecraft:chiseled_quartz_block":4,"minecraft:raw_copper":3,"minecraft:bowl":1,"butchersdelight:deadsheep":2,"minecraft:raw_iron":48,"minecraft:rotten_flesh":69,"minecraft:iron_boots":1,"minecraft:light_gray_concrete":2,"soul_like_armors_reworked:rustyshield":2,"minecraft:leather_chestplate":1,"minecraft:gunpowder":6,"minecraft:iron_chestplate":1,"minecraft:andesite":2,"soul_like_armors_reworked:dagger":1,"soul_like_armors_reworked:dark_knight_helmet":1,"soul_like_armors_reworked:rustysteel_chestplate":1,"minecraft:spruce_slab":1,"minecraft:sandstone":4,"minecraft:bow":2,"minecraft:stone_pickaxe":1,"iceandfire:deathworm_chitin_yellow":10,"farmersdelight:tomato":5,"wom:diamond_crown":1,"epicfight:skillbook":2},"minecraft:custom":{"minecraft:mob_kills":91,"minecraft:interact_with_crafting_table":14,"minecraft:open_barrel":4,"minecraft:interact_with_campfire":25,"minecraft:leave_game":6,"minecraft:time_since_death":192178,"minecraft:climb_one_cm":20956,"minecraft:sprint_one_cm":635322,"minecraft:walk_one_cm":1317600,"minecraft:drop":98,"minecraft:play_time":192178,"minecraft:sneak_time":4563,"minecraft:walk_under_water_one_cm":8139,"minecraft:boat_one_cm":219930,"minecraft:interact_with_brewingstand":1,"minecraft:jump":2535,"minecraft:interact_with_blast_furnace":23,"minecraft:walk_on_water_one_cm":28963,"minecraft:total_world_time":192178,"minecraft:interact_with_furnace":18,"minecraft:tune_noteblock":8,"minecraft:sleep_in_bed":4,"minecraft:time_since_rest":32470,"minecraft:damage_taken":3594,"minecraft:damage_absorbed":207,"minecraft:damage_dealt":16858,"minecraft:player_kills":1,"minecraft:swim_one_cm":50461,"minecraft:fly_one_cm":562269,"minecraft:open_chest":29,"minecraft:crouch_one_cm":27690,"tombstone:undead_killed":65,"minecraft:interact_with_smoker":11,"minecraft:fall_one_cm":46467,"minecraft:inspect_dispenser":3},"minecraft:killed":{"minecraft:spider":3,"alexsmobs:rattlesnake":3,"minecraft:skeleton":28,"minecraft:drowned":1,"iceandfire:deathworm":4,"iceandfire:myrmex_worker":2,"minecraft:husk":5,"alexsmobs:guster":6,"majruszsdifficulty:tank":1,"majruszsdifficulty:cursed_armor":1,"minecraft:creeper":4,"minecraft:sheep":2,"minecraft:zombie":27,"minecraft:stray":3},"minecraft:used":{"minecraft:flint_and_steel":16,"soul_like_armors_reworked:estusflask":19,"butchersdelightfoods:cooked_leg_cow":2,"butchersdelightfoods:cookedbeefribs":3,"minecraft:torch":1,"wom:agony":257,"farmersdelight:tomato":1,"minecraft:iron_axe":18,"epicfight:stone_greatsword":96,"minecraft:smooth_basalt":1,"minecraft:bow":8,"minecraft:furnace":1,"tombstone:gift":2,"minecraft:cooked_beef":7,"minecraft:cobbled_deepslate":1,"minecraft:water_bucket":1,"epicfight:skillbook":5,"butchersdelightfoods:coockedbeeftenderloin":2,"minecraft:stone_pickaxe":264,"minecraft:baked_potato":4,"minecraft:cactus":1,"minecraft:sandstone":4,"butchersdelight:skullcow":1,"minecraft:sand":6,"minecraft:crafting_table":2,"minecraft:blast_furnace":1,"minecraft:crossbow":5,"minecraft:chiseled_quartz_block":4,"majruszsdifficulty:undead_army_treasure_bag":1,"minecraft:bread":4,"minecraft:melon_slice":21,"minecraft:suspicious_stew":1,"minecraft:iron_pickaxe":48,"minecraft:gravel":19,"butchersdelightfoods:cookedsheeprack":2,"minecraft:cobblestone":134,"minecraft:cooked_porkchop":6,"minecraft:bucket":1,"minecraft:sandstone_slab":1,"alexsmobs:animal_dictionary":1,"butchersdelightfoods:cooked_sheeploin":2}},"DataVersion":3120}