{"stats":{"minecraft:mined":{"minecraft:jungle_leaves":1,"minecraft:grass":4,"minecraft:acacia_log":1,"minecraft:gravel":14,"minecraft:cobblestone":2,"minecraft:stone":16,"minecraft:wall_torch":1},"minecraft:crafted":{"minecraft:cooked_beef":2,"minecraft:stone_pickaxe":1,"minecraft:acacia_planks":4,"epicfight:stone_greatsword":1,"butchersdelightfoods:cooked_leg_cow":2,"minecraft:air":0},"minecraft:dropped":{"minecraft:iron_ingot":7,"minecraft:furnace":1,"epicfight:stone_spear":1,"minecraft:stick":1},"minecraft:used":{"minecraft:melon_slice":16,"minecraft:stone_pickaxe":31,"minecraft:gravel":14,"soul_like_armors_reworked:estusflask":5,"epicfight:stone_greatsword":12,"butchersdelightfoods:cooked_leg_cow":1,"butchersdelight:skullcow":1,"minecraft:torch":1,"minecraft:cobblestone":10,"minecraft:furnace":1,"alexsmobs:animal_dictionary":1},"minecraft:killed":{"minecraft:skeleton":2,"minecraft:zombie":2,"minecraft:spider":2},"minecraft:picked_up":{"epicfight:stone_spear":1,"minecraft:raw_iron":1,"minecraft:stick":4,"minecraft:torch":1,"minecraft:acacia_log":1,"butchersdelight:skullcow":1,"butchersdelight:cow_hide":1,"minecraft:gravel":14,"minecraft:flint":1,"minecraft:string":1,"hexerei:sage_seed":2,"soul_like_armors_reworked:estusflask":2,"minecraft:arrow":2,"minecraft:bone":1,"butchersdelightfoods:cookedbeefribs":2,"minecraft:rotten_flesh":5,"minecraft:bow":1,"minecraft:wheat_seeds":2,"butchersdelightfoods:coockedbeeftenderloin":2,"minecraft:iron_ingot":7,"minecraft:granite":1,"soul_like_armors_reworked:dark_knight_helmet":1,"minecraft:melon_slice":21,"minecraft:cobblestone":20,"minecraft:furnace":2},"minecraft:custom":{"minecraft:time_since_rest":45816,"minecraft:interact_with_furnace":4,"minecraft:sprint_one_cm":141749,"minecraft:damage_taken":333,"minecraft:walk_one_cm":195345,"minecraft:mob_kills":6,"minecraft:drop":10,"minecraft:damage_dealt":971,"minecraft:swim_one_cm":29755,"minecraft:interact_with_crafting_table":3,"minecraft:fly_one_cm":91672,"minecraft:crouch_one_cm":8812,"minecraft:play_time":45816,"tombstone:undead_killed":4,"minecraft:sneak_time":961,"minecraft:walk_under_water_one_cm":679,"minecraft:jump":462,"minecraft:leave_game":1,"minecraft:walk_on_water_one_cm":5378,"minecraft:time_since_death":45816,"minecraft:interact_with_smoker":3,"minecraft:climb_one_cm":2536,"minecraft:total_world_time":45816,"minecraft:fall_one_cm":6263}},"DataVersion":3120}