{"stats":{"minecraft:broken":{"minecraft:stone_pickaxe":2},"minecraft:crafted":{"minecraft:smooth_stone":3,"minecraft:blast_furnace":1,"minecraft:stone":3,"butchersdelightfoods:cooked_leg_cow":2,"minecraft:flint_and_steel":1,"minecraft:iron_boots":1,"minecraft:iron_axe":1,"minecraft:stone_pickaxe":3,"epicfight:iron_greatsword":1,"soul_like_armors_reworked:dark_knight_helmet":3,"minecraft:cooked_beef":2,"epicfight:stone_greatsword":1,"soul_like_armors_reworked:rustyshield":1,"minecraft:air":0,"soul_like_armors_reworked:dark_knight_boots":1,"minecraft:stick":4,"minecraft:iron_ingot":59,"minecraft:iron_pickaxe":1,"minecraft:acacia_planks":4,"soul_like_armors_reworked:dark_knight_leggings":1,"minecraft:torch":72},"minecraft:picked_up":{"minecraft:charcoal":28,"minecraft:crafting_table":2,"minecraft:sandstone_slab":1,"minecraft:splash_potion":3,"minecraft:enchanted_book":1,"uniquedungeons:ancient_root_item":35,"minecraft:golden_sword":1,"uniquedungeons:dark_antique_stone_stairs":2,"minecraft:cornflower":1,"minecraft:string":3,"soul_like_armors_reworked:rustysteel_chestplate":3,"minecraft:raw_copper":3,"minecraft:cobbled_deepslate":1,"minecraft:smooth_quartz":6,"minecraft:spruce_slab":1,"minecraft:melon_slice":53,"minecraft:coal_block":18,"minecraft:furnace":3,"minecraft:golden_helmet":1,"butchersdelightfoods:cooked_sheeploin":2,"minecraft:tipped_arrow":1,"minecraft:stick":12,"minecraft:raw_iron":143,"minecraft:sandstone":9,"minecraft:torch":6,"minecraft:acacia_log":1,"epicfight:skillbook":8,"farmersdelight:tomato_seeds":25,"tombstone:grave_dust":13,"uniquedungeons:ancient_note":2,"soul_like_armors_reworked:rustysteel_helmet":1,"iceandfire:deathworm_egg_giant":1,"minecraft:golden_chestplate":1,"hexerei:sage_seed":6,"soul_like_armors_reworked:estusflask":34,"minecraft:arrow":29,"minecraft:cactus":3,"butchersdelight:deadsheep":2,"minecraft:rotten_flesh":101,"butchersdelightfoods:coockedbeeftenderloin":2,"iceandfire:deathworm_chitin_yellow":10,"majruszsdifficulty:soul_jar":3,"minecraft:white_wool":2,"minecraft:cobblestone":171,"minecraft:leather_chestplate":1,"epicfight:stone_spear":2,"minecraft:jungle_boat":1,"minecraft:cooked_beef":5,"minecraft:andesite":2,"soul_like_armors_reworked:darkknighttrident":1,"minecraft:chiseled_quartz_block":8,"majruszsdifficulty:cloth":15,"uniquedungeons:ceramic_shard":21,"uniquedungeons:dark_antique_gravel":5,"minecraft:flint":1,"minecraft:gunpowder":9,"mca:book_romance":1,"minecraft:gray_concrete":2,"farmersdelight:tomato":6,"minecraft:bone":32,"minecraft:smooth_sandstone":3,"soul_like_armors_reworked:rustyshield":5,"butchersdelightfoods:cookedbeefribs":3,"minecraft:apple":3,"butchersdelightfoods:cookedsheeprack":2,"minecraft:bow":3,"minecraft:wheat_seeds":5,"minecraft:iron_ingot":42,"minecraft:dark_oak_sign":4,"soul_like_armors_reworked:dark_knight_helmet":5,"tombstone:bag_of_seeds":3,"uniquedungeons:dark_antique_stone_pillar":1,"minecraft:smooth_basalt":1,"minecraft:cooked_porkchop":28,"butchersdelight:skullcow":1,"minecraft:gravel":19,"butchersdelight:cow_hide":1,"minecraft:sand":6,"soul_like_armors_reworked:dark_knight_leggings":2,"minecraft:blast_furnace":1,"uniquedungeons:dark_antique_stone":20,"minecraft:light_gray_concrete":2,"alexsmobs:guster_eye":4,"soul_like_armors_reworked:dark_knight_boots":3,"soul_like_armors_reworked:dark_knight_chestplate":2,"alexsmobs:rattlesnake_rattle":2,"minecraft:granite":1,"tombstone:magic_scroll":1,"minecraft:baked_potato":16,"minecraft:coal":74},"minecraft:mined":{"minecraft:jungle_leaves":1,"uniquedungeons:dark_antique_stone":13,"minecraft:acacia_log":1,"uniquedungeons:iron_spikes":1,"uniquedungeons:ancient_roots":6,"minecraft:coal_block":4,"minecraft:sandstone":19,"uniquedungeons:antique_pebble":1,"minecraft:spawner":5,"minecraft:furnace":1,"minecraft:iron_ore":25,"minecraft:fire":37,"uniquedungeons:dark_antique_stone_slab":1,"minecraft:andesite":1,"uniquedungeons:quick_sand":3,"uniquedungeons:dark_antique_gravel":1,"uniquedungeons:antique_stone_carpet":2,"minecraft:light_gray_concrete":1,"uniquedungeons:dark_antique_stone_pillar":1,"minecraft:stone":160,"minecraft:spruce_slab":1,"uniquedungeons:dark_antique_stone_stairs":4,"minecraft:chiseled_quartz_block":7,"minecraft:smooth_sandstone":2,"minecraft:crafting_table":2,"minecraft:blast_furnace":1,"minecraft:melon":6,"minecraft:dead_bush":2,"minecraft:campfire":5,"minecraft:tall_grass":1,"minecraft:copper_ore":2,"minecraft:cobblestone":6,"farmersdelight:wild_tomatoes":19,"minecraft:wall_torch":1,"minecraft:cactus":1,"minecraft:wheat":2,"minecraft:grass":10,"minecraft:coal_ore":60,"minecraft:sand":43,"minecraft:dirt":2,"minecraft:gravel":19,"minecraft:smooth_quartz":7,"minecraft:sandstone_wall":1,"uniquedungeons:rooted_ground":17,"uniquedungeons:disguised_dispenser":1,"uniquedungeons:dark_antique_stone_pressure_plate":2,"minecraft:deepslate":1,"minecraft:fern":1},"minecraft:dropped":{"farmersdelight:tomato_seeds":2,"minecraft:enchanted_book":1,"minecraft:iron_ingot":82,"minecraft:wheat_seeds":5,"minecraft:golden_helmet":2,"minecraft:cooked_porkchop":13,"soul_like_armors_reworked:estusflask":4,"majruszsdifficulty:soul_jar":2,"alexsmobs:rattlesnake_rattle":2,"uniquedungeons:ceramic_shard":21,"minecraft:granite":1,"epicfight:stone_spear":1,"soul_like_armors_reworked:dark_knight_boots":1,"uniquedungeons:dark_antique_stone_pillar":1,"minecraft:coal":58,"minecraft:stick":1,"tombstone:bag_of_seeds":3,"minecraft:gray_concrete":2,"uniquedungeons:ancient_root_item":35,"mca:book_romance":2,"uniquedungeons:dark_antique_gravel":2,"minecraft:torch":77,"minecraft:cornflower":1,"minecraft:smooth_quartz":6,"tombstone:grave_dust":12,"minecraft:cactus":2,"minecraft:string":3,"minecraft:smooth_sandstone":3,"minecraft:bucket":1,"minecraft:white_wool":2,"butchersdelight:cow_hide":1,"minecraft:bone":3,"minecraft:furnace":1,"hexerei:sage_seed":6,"uniquedungeons:ancient_note":5,"minecraft:golden_chestplate":2,"minecraft:chiseled_quartz_block":4,"minecraft:dark_oak_sign":4,"minecraft:raw_copper":3,"minecraft:bowl":1,"butchersdelight:deadsheep":2,"minecraft:raw_iron":48,"soul_like_armors_reworked:rustysteel_helmet":1,"minecraft:rotten_flesh":71,"minecraft:iron_boots":1,"minecraft:light_gray_concrete":2,"soul_like_armors_reworked:rustyshield":2,"minecraft:leather_chestplate":1,"soul_like_armors_reworked:darkknighttrident":1,"minecraft:gunpowder":6,"minecraft:charcoal":18,"minecraft:iron_chestplate":1,"minecraft:andesite":2,"soul_like_armors_reworked:dagger":1,"soul_like_armors_reworked:dark_knight_helmet":1,"soul_like_armors_reworked:rustysteel_chestplate":3,"minecraft:spruce_slab":1,"minecraft:sandstone":4,"minecraft:bow":2,"minecraft:stone_pickaxe":1,"iceandfire:deathworm_chitin_yellow":10,"minecraft:splash_potion":2,"farmersdelight:tomato":5,"wom:diamond_crown":1,"epicfight:skillbook":2},"minecraft:custom":{"minecraft:mob_kills":123,"minecraft:interact_with_crafting_table":14,"minecraft:open_barrel":27,"minecraft:interact_with_campfire":25,"minecraft:leave_game":6,"minecraft:time_since_death":21302,"minecraft:climb_one_cm":20956,"minecraft:sprint_one_cm":712984,"minecraft:walk_one_cm":1543812,"minecraft:drop":153,"minecraft:play_time":228178,"minecraft:deaths":1,"minecraft:sneak_time":5866,"minecraft:walk_under_water_one_cm":8730,"minecraft:boat_one_cm":219930,"minecraft:interact_with_brewingstand":1,"minecraft:jump":2909,"minecraft:interact_with_blast_furnace":23,"minecraft:walk_on_water_one_cm":40262,"minecraft:total_world_time":228178,"minecraft:interact_with_furnace":18,"minecraft:tune_noteblock":8,"minecraft:sleep_in_bed":4,"minecraft:time_since_rest":18903,"minecraft:damage_taken":5420,"minecraft:damage_absorbed":674,"minecraft:damage_dealt":23741,"minecraft:player_kills":1,"minecraft:swim_one_cm":50461,"minecraft:fly_one_cm":688293,"minecraft:open_chest":29,"minecraft:crouch_one_cm":36772,"tombstone:undead_killed":97,"minecraft:interact_with_smoker":11,"minecraft:fall_one_cm":49823,"minecraft:inspect_dispenser":3},"minecraft:killed":{"minecraft:spider":3,"alexsmobs:rattlesnake":3,"minecraft:skeleton":28,"minecraft:drowned":1,"iceandfire:deathworm":4,"goblintraders:goblin_trader":1,"iceandfire:myrmex_worker":2,"minecraft:husk":37,"alexsmobs:guster":6,"majruszsdifficulty:tank":1,"majruszsdifficulty:cursed_armor":1,"minecraft:creeper":4,"minecraft:sheep":2,"minecraft:zombie":27,"minecraft:stray":3},"minecraft:used":{"minecraft:iron_shovel":48,"minecraft:flint_and_steel":16,"soul_like_armors_reworked:estusflask":19,"butchersdelightfoods:cooked_leg_cow":2,"butchersdelightfoods:cookedbeefribs":3,"minecraft:torch":1,"wom:agony":464,"farmersdelight:tomato":1,"minecraft:iron_axe":18,"epicfight:stone_greatsword":96,"minecraft:smooth_basalt":1,"minecraft:bow":8,"minecraft:furnace":1,"uniquedungeons:dark_antique_stone":12,"tombstone:gift":2,"minecraft:cooked_beef":7,"minecraft:cobbled_deepslate":1,"minecraft:water_bucket":21,"epicfight:skillbook":9,"butchersdelightfoods:coockedbeeftenderloin":2,"minecraft:stone_pickaxe":264,"minecraft:baked_potato":9,"minecraft:cactus":1,"minecraft:sandstone":4,"uniquedungeons:dark_antique_gravel":3,"butchersdelight:skullcow":1,"minecraft:sand":6,"minecraft:crafting_table":2,"minecraft:blast_furnace":1,"minecraft:crossbow":5,"minecraft:chiseled_quartz_block":4,"minecraft:apple":2,"majruszsdifficulty:undead_army_treasure_bag":1,"minecraft:bread":7,"minecraft:melon_slice":32,"minecraft:suspicious_stew":1,"minecraft:iron_pickaxe":95,"minecraft:gravel":19,"butchersdelightfoods:cookedsheeprack":2,"minecraft:cobblestone":153,"minecraft:cooked_porkchop":15,"minecraft:bucket":21,"minecraft:sandstone_slab":1,"alexsmobs:animal_dictionary":1,"uniquedungeons:dark_antique_stone_stairs":2,"minecraft:experience_bottle":9,"butchersdelightfoods:cooked_sheeploin":2}},"DataVersion":3120}