{"stats":{"minecraft:mined":{"minecraft:jungle_leaves":1,"minecraft:acacia_log":1,"minecraft:copper_ore":2,"minecraft:cobblestone":2,"minecraft:sandstone":5,"minecraft:wall_torch":1,"minecraft:iron_ore":20,"minecraft:andesite":1,"minecraft:grass":9,"minecraft:coal_ore":39,"minecraft:gravel":14,"minecraft:dirt":2,"minecraft:stone":24},"minecraft:crafted":{"minecraft:cooked_beef":2,"epicfight:stone_greatsword":1,"butchersdelightfoods:cooked_leg_cow":2,"minecraft:air":0,"minecraft:stone_pickaxe":1,"minecraft:acacia_planks":4},"minecraft:dropped":{"farmersdelight:tomato_seeds":2,"minecraft:enchanted_book":1,"minecraft:iron_ingot":7,"minecraft:furnace":1,"hexerei:sage_seed":3,"minecraft:wheat_seeds":2,"minecraft:raw_iron":17,"minecraft:rotten_flesh":5,"minecraft:granite":1,"epicfight:stone_spear":1,"minecraft:coal":33,"minecraft:stick":1,"mca:book_romance":2,"minecraft:torch":2,"minecraft:cornflower":1,"minecraft:andesite":2,"minecraft:sandstone":4,"minecraft:string":1,"butchersdelight:cow_hide":1,"minecraft:bone":3},"minecraft:killed":{"minecraft:spider":3,"minecraft:skeleton":3,"minecraft:sheep":2,"minecraft:zombie":8},"minecraft:used":{"epicfight:skillbook":1,"butchersdelightfoods:coockedbeeftenderloin":2,"minecraft:stone_pickaxe":108,"soul_like_armors_reworked:estusflask":5,"butchersdelightfoods:cooked_leg_cow":2,"minecraft:torch":1,"butchersdelight:skullcow":1,"farmersdelight:tomato":1,"minecraft:melon_slice":21,"minecraft:gravel":14,"epicfight:stone_greatsword":37,"minecraft:cobblestone":12,"minecraft:furnace":1,"tombstone:gift":2,"alexsmobs:animal_dictionary":1},"minecraft:picked_up":{"epicfight:stone_spear":2,"minecraft:andesite":2,"minecraft:flint":1,"minecraft:string":1,"mca:book_romance":1,"minecraft:cornflower":1,"farmersdelight:tomato":1,"soul_like_armors_reworked:rustysteel_chestplate":1,"minecraft:raw_copper":3,"minecraft:bone":3,"butchersdelightfoods:cookedbeefribs":2,"minecraft:bow":1,"minecraft:wheat_seeds":2,"minecraft:iron_ingot":7,"soul_like_armors_reworked:dark_knight_helmet":2,"minecraft:melon_slice":21,"minecraft:furnace":2,"minecraft:stick":7,"minecraft:raw_iron":21,"minecraft:sandstone":4,"minecraft:torch":3,"minecraft:acacia_log":1,"epicfight:skillbook":1,"butchersdelight:skullcow":1,"minecraft:gravel":14,"butchersdelight:cow_hide":1,"farmersdelight:tomato_seeds":2,"soul_like_armors_reworked:dark_knight_leggings":1,"soul_like_armors_reworked:estusflask":2,"hexerei:sage_seed":3,"soul_like_armors_reworked:dark_knight_chestplate":1,"minecraft:arrow":4,"butchersdelight:deadsheep":2,"soul_like_armors_reworked:dark_knight_boots":1,"minecraft:rotten_flesh":7,"butchersdelightfoods:coockedbeeftenderloin":2,"minecraft:granite":1,"minecraft:coal":33,"minecraft:white_wool":2,"minecraft:cobblestone":28},"minecraft:custom":{"minecraft:interact_with_furnace":4,"minecraft:mob_kills":16,"minecraft:interact_with_crafting_table":3,"minecraft:leave_game":1,"minecraft:time_since_death":69816,"minecraft:climb_one_cm":2536,"minecraft:time_since_rest":69816,"minecraft:sprint_one_cm":227289,"minecraft:damage_taken":700,"minecraft:walk_one_cm":423974,"minecraft:drop":31,"minecraft:damage_dealt":2346,"minecraft:swim_one_cm":30218,"minecraft:fly_one_cm":134870,"minecraft:open_chest":4,"minecraft:crouch_one_cm":17395,"minecraft:play_time":69816,"tombstone:undead_killed":11,"minecraft:sneak_time":2295,"minecraft:walk_under_water_one_cm":3752,"minecraft:jump":907,"minecraft:walk_on_water_one_cm":15491,"minecraft:total_world_time":69816,"minecraft:interact_with_smoker":4,"minecraft:fall_one_cm":13921}},"DataVersion":3120}